0,0.00025
6.47557e-05,0.0005
0.000146253,0.00075
0.000249576,0.001
0.000310863,0.00125
0.000353017,0.0015
0.00045622,0.00175
0.000553264,0.002
0.000636017,0.00225
0.000741312,0.0025
0.000873873,0.00275
0.000984968,0.003
0.0010459,0.00325
0.00117433,0.0035
0.00122964,0.00375
0.00129009,0.004
0.00137751,0.00425
0.00144304,0.0045
0.00157142,0.00475
0.00163689,0.005
0.00184228,0.00525
0.00208564,0.0055
0.00227859,0.00575
0.00234789,0.006
0.00257594,0.00625
0.00284022,0.0065
0.00300938,0.00675
0.00307694,0.007
0.00327737,0.00725
0.00331833,0.0075
0.0035038,0.00775
0.00353902,0.008
0.00379966,0.00825
0.00391781,0.0085
0.0039843,0.00875
0.00403955,0.009
0.00416792,0.00925
0.00422568,0.0095
0.00427412,0.00975
0.00447729,0.01
0.00451759,0.01025
0.00467263,0.0105
0.00469853,0.01075
0.00481153,0.011
0.00489895,0.01125
0.0049542,0.0115
0.00500652,0.01175
0.00506601,0.012
0.0051438,0.01225
0.00520007,0.0125
0.00525759,0.01275
0.00531045,0.013
0.0054155,0.01325
0.00552092,0.0135
0.00562017,0.01375
0.00571309,0.014
0.00576475,0.01425
0.00592177,0.0145
0.00607239,0.01475
0.00623921,0.015
0.00637554,0.01525
0.00652598,0.0155
0.00666093,0.01575
0.0067212,0.016
0.00692701,0.01625
0.00696503,0.0165
0.00712438,0.01675
0.00716379,0.017
0.00730866,0.01725
0.00736983,0.0175
0.00740236,0.01775
0.00755675,0.018
0.00776082,0.01825
0.00796304,0.0185
0.00818015,0.01875
0.00818415,0.019
0.00849561,0.01925
0.00860001,0.0195
0.0089037,0.01975
0.00914209,0.02
0.00931125,0.02025
0.00951185,0.0205
0.00955478,0.02075
0.00992293,0.021
0.0100618,0.02125
0.0100987,0.0215
0.0103663,0.02175
0.0106097,0.022
0.0109304,0.02225
0.0110454,0.0225
0.0114671,0.02275
0.0115028,0.023
0.0118815,0.02325
0.012063,0.0235
0.012104,0.02375
0.0123356,0.024
0.0123483,0.02425
0.0125471,0.0245
0.0126842,0.02475
0.0128631,0.025
0.0130018,0.02525
0.0131642,0.0255
0.0133211,0.02575
0.0133807,0.026
0.0135529,0.02625
0.0137678,0.0265
0.0138149,0.02675
0.0140858,0.027
0.0142073,0.02725
0.0143917,0.0275
0.014532,0.02775
0.0148237,0.028
0.0149657,0.02825
0.0152632,0.0285
0.0154636,0.02875
0.0156723,0.029
0.0157073,0.02925
0.0157363,0.0295
0.0158494,0.02975
0.0159133,0.03
0.0159414,0.03025
0.0159637,0.0305
0.0160731,0.03075
0.0160958,0.031
0.0161406,0.03125
0.0161451,0.0315
0.0162169,0.03175
0.0162778,0.032
0.0163498,0.03225
0.0164355,0.0325
0.0165655,0.03275
0.016588,0.033
0.0166341,0.03325
0.0166535,0.0335
0.0166878,0.03375
0.0167131,0.034
0.0167515,0.03425
0.0168565,0.0345
0.0168944,0.03475
0.0169552,0.035
0.0169769,0.03525
0.0170347,0.0355
0.0170966,0.03575
0.0171694,0.036
0.0172387,0.03625
0.017301,0.0365
0.0174201,0.03675
0.0174742,0.037
0.0176027,0.03725
0.0176866,0.0375
0.0177585,0.03775
0.0179662,0.038
0.0179844,0.03825
0.0181861,0.0385
0.0182365,0.03875
0.0183096,0.039
0.0184082,0.03925
0.0185426,0.0395
0.0187741,0.03975
0.0188368,0.04
0.0189721,0.04025
0.0190241,0.0405
0.0190869,0.04075
0.0191712,0.041
0.0192665,0.04125
0.0194284,0.0415
0.0194923,0.04175
0.0195871,0.042
0.0196112,0.04225
0.0196374,0.0425
0.0197356,0.04275
0.019755,0.043
0.0197836,0.04325
0.0198173,0.0435
0.0198369,0.04375
0.0198697,0.044
0.0198944,0.04425
0.0199361,0.0445
0.0199884,0.04475
0.0200559,0.045
0.0201082,0.04525
0.0201467,0.0455
0.020233,0.04575
0.0203545,0.046
0.0204377,0.04625
0.020506,0.0465
0.0205676,0.04675
0.0206279,0.047
0.0206517,0.04725
0.0207222,0.0475
0.0208003,0.04775
0.0208379,0.048
0.0208584,0.04825
0.0208989,0.0485
0.0209477,0.04875
0.0210117,0.049
0.0210711,0.04925
0.0211184,0.0495
0.0211407,0.04975
0.0212173,0.05
0.0212719,0.05025
0.02132,0.0505
0.0213916,0.05075
0.0214773,0.051
0.0215275,0.05125
0.0215667,0.0515
0.0216363,0.05175
0.0216964,0.052
0.021768,0.05225
0.0218275,0.0525
0.0218411,0.05275
0.0219775,0.053
0.0221606,0.05325
0.0223249,0.0535
0.0223919,0.05375
0.0224669,0.054
0.0226103,0.05425
0.0227682,0.0545
0.0229077,0.05475
0.0229443,0.055
0.0230148,0.05525
0.0231137,0.0555
0.0232239,0.05575
0.0232963,0.056
0.023549,0.05625
0.0237475,0.0565
0.0238516,0.05675
0.0238985,0.057
0.024072,0.05725
0.0243126,0.0575
0.0243695,0.05775
0.0244896,0.058
0.0246908,0.05825
0.0247931,0.0585
0.0248373,0.05875
0.0249286,0.059
0.0251186,0.05925
0.0251592,0.0595
0.0253454,0.05975
0.0254536,0.06
0.0255596,0.06025
0.0256132,0.0605
0.025888,0.06075
0.026027,0.061
0.0260977,0.06125
0.0263697,0.0615
0.0264882,0.06175
0.0267185,0.062
0.0269644,0.06225
0.0271652,0.0625
0.0272781,0.06275
0.027325,0.063
0.0274705,0.06325
0.0275829,0.0635
0.0276119,0.06375
0.0276787,0.064
0.0277429,0.06425
0.027878,0.0645
0.0279882,0.06475
0.0280314,0.065
0.0281375,0.06525
0.0283365,0.0655
0.0285391,0.06575
0.0286361,0.066
0.028707,0.06625
0.0287879,0.0665
0.0288532,0.06675
0.0289303,0.067
0.029088,0.06725
0.0293167,0.0675
0.0294886,0.06775
0.0295756,0.068
0.0297961,0.06825
0.029962,0.0685
0.0301956,0.06875
0.0303704,0.069
0.030523,0.06925
0.0306303,0.0695
0.0307926,0.06975
0.0309806,0.07
0.0311131,0.07025
0.0311426,0.0705
0.0313,0.07075
0.0313804,0.071
0.0317082,0.07125
0.0319178,0.0715
0.0322568,0.07175
0.0324614,0.072
0.0325484,0.07225
0.0326157,0.0725
0.0331134,0.07275
0.0333884,0.073
0.0337356,0.07325
0.0338705,0.0735
0.034223,0.07375
0.0343449,0.074
0.0346084,0.07425
0.0350098,0.0745
0.0354277,0.07475
0.0355425,0.075
0.0358278,0.07525
0.0360534,0.0755
0.0361497,0.07575
0.036254,0.076
0.0366102,0.07625
0.0367768,0.0765
0.037088,0.07675
0.0372746,0.077
0.0376407,0.07725
0.0377205,0.0775
0.0379949,0.07775
0.0382047,0.078
0.0385762,0.07825
0.0387649,0.0785
0.0391149,0.07875
0.0392385,0.079
0.0397244,0.07925
0.0400963,0.0795
0.0402651,0.07975
0.0403991,0.08
0.0408717,0.08025
0.0408842,0.0805
0.0412609,0.08075
0.0414033,0.081
0.0416109,0.08125
0.0418315,0.0815
0.0427619,0.08175
0.0428418,0.082
0.043085,0.08225
0.0432008,0.0825
0.0436205,0.08275
0.0438456,0.083
0.0440634,0.08325
0.0442429,0.0835
0.0443388,0.08375
0.0447222,0.084
0.0448551,0.08425
0.0450746,0.0845
0.0453106,0.08475
0.0456208,0.085
0.0460054,0.08525
0.046185,0.0855
0.0463019,0.08575
0.046799,0.086
0.0471706,0.08625
0.047255,0.0865
0.0474664,0.08675
0.0476096,0.087
0.0476508,0.08725
0.0479923,0.0875
0.0482062,0.08775
0.048332,0.088
0.048602,0.08825
0.0487115,0.0885
0.0487441,0.08875
0.0491387,0.089
0.0492356,0.08925
0.0494239,0.0895
0.04975,0.08975
0.0500833,0.09
0.0502599,0.09025
0.0503405,0.0905
0.050428,0.09075
0.0505755,0.091
0.0508075,0.09125
0.0510134,0.0915
0.0510972,0.09175
0.0511804,0.092
0.0513352,0.09225
0.0515452,0.0925
0.0517786,0.09275
0.0519046,0.093
0.0520554,0.09325
0.0521341,0.0935
0.0521519,0.09375
0.052346,0.094
0.0525108,0.09425
0.0526072,0.0945
0.0526879,0.09475
0.0527125,0.095
0.0529812,0.09525
0.0532159,0.0955
0.0535108,0.09575
0.0536165,0.096
0.0537793,0.09625
0.053803,0.0965
0.0539148,0.09675
0.0541298,0.097
0.0542388,0.09725
0.0543543,0.0975
0.0545254,0.09775
0.0546285,0.098
0.0548157,0.09825
0.05491,0.0985
0.054969,0.09875
0.0551864,0.099
0.0554691,0.09925
0.0556186,0.0995
0.0560271,0.09975
0.0561381,0.1
0.0562916,0.10025
0.0563537,0.1005
0.0567447,0.10075
0.0569078,0.101
0.0569194,0.10125
0.0571439,0.1015
0.0573423,0.10175
0.0575827,0.102
0.0577885,0.10225
0.0578884,0.1025
0.0582353,0.10275
0.0583366,0.103
0.0586607,0.10325
0.0588616,0.1035
0.0591908,0.10375
0.0592743,0.104
0.0594677,0.10425
0.0595398,0.1045
0.0597336,0.10475
0.0598182,0.105
0.0599174,0.10525
0.0601495,0.1055
0.0604376,0.10575
0.0605806,0.106
0.0608909,0.10625
0.0610832,0.1065
0.0611862,0.10675
0.0614102,0.107
0.0618449,0.10725
0.062029,0.1075
0.0620773,0.10775
0.0623076,0.108
0.0624231,0.10825
0.0624655,0.1085
0.0626763,0.10875
0.0626966,0.109
0.0627183,0.10925
0.0627566,0.1095
0.0627959,0.10975
0.0628403,0.11
0.0628595,0.11025
0.0629352,0.1105
0.0629681,0.11075
0.0629871,0.111
0.0630386,0.11125
0.0630795,0.1115
0.0631056,0.11175
0.0631568,0.112
0.0632201,0.11225
0.0632309,0.1125
0.063361,0.11275
0.0634531,0.113
0.0635038,0.11325
0.0635919,0.1135
0.0636207,0.11375
0.0636561,0.114
0.0636754,0.11425
0.0637221,0.1145
0.0637606,0.11475
0.0637939,0.115
0.0638716,0.11525
0.0639016,0.1155
0.0639205,0.11575
0.0639386,0.116
0.0639673,0.11625
0.0640189,0.1165
0.0640424,0.11675
0.0641204,0.117
0.0641551,0.11725
0.0642362,0.1175
0.0643232,0.11775
0.0643349,0.118
0.064389,0.11825
0.064407,0.1185
0.0644868,0.11875
0.0645346,0.119
0.0646221,0.11925
0.0646581,0.1195
0.064723,0.11975
0.0647995,0.12
0.064829,0.12025
0.0649916,0.1205
0.0650178,0.12075
0.0651041,0.121
0.0651634,0.12125
0.0652058,0.1215
0.0652904,0.12175
0.0653426,0.122
0.0654242,0.12225
0.0654891,0.1225
0.0655515,0.12275
0.065695,0.123
0.0657158,0.12325
0.0657727,0.1235
0.0659091,0.12375
0.0659904,0.124
0.0660758,0.12425
0.0661751,0.1245
0.0662792,0.12475
0.0663387,0.125
0.0663824,0.12525
0.0664645,0.1255
0.0665211,0.12575
0.0665949,0.126
0.0666144,0.12625
0.0666601,0.1265
0.0667097,0.12675
0.0667366,0.127
0.0667502,0.12725
0.0668257,0.1275
0.0668397,0.12775
0.066856,0.128
0.0668821,0.12825
0.0669058,0.1285
0.0669379,0.12875
0.0669521,0.129
0.0670132,0.12925
0.0670711,0.1295
0.0670965,0.12975
0.0671786,0.13
0.0672341,0.13025
0.0673411,0.1305
0.0674179,0.13075
0.067461,0.131
0.0675122,0.13125
0.0675755,0.1315
0.0675951,0.13175
0.0676522,0.132
0.0677111,0.13225
0.067752,0.1325
0.0677608,0.13275
0.0678159,0.133
0.0678232,0.13325
0.0678397,0.1335
0.0678781,0.13375
0.0678967,0.134
0.0679336,0.13425
0.0679407,0.1345
0.0679977,0.13475
0.0680503,0.135
0.0681188,0.13525
0.0681719,0.1355
0.0682215,0.13575
0.0682963,0.136
0.0683622,0.13625
0.0684156,0.1365
0.0684895,0.13675
0.0685172,0.137
0.0685632,0.13725
0.068637,0.1375
0.0686966,0.13775
0.0687138,0.138
0.0687833,0.13825
0.0688589,0.1385
0.0689362,0.13875
0.0690345,0.139
0.0690952,0.13925
0.0692991,0.1395
0.0693896,0.13975
0.0694194,0.14
0.0695235,0.14025
0.0695648,0.1405
0.0696037,0.14075
0.0696832,0.141
0.0698175,0.14125
0.0698803,0.1415
0.0699572,0.14175
0.0700591,0.142
0.0701009,0.14225
0.0702269,0.1425
0.0702436,0.14275
0.0703259,0.143
0.0703854,0.14325
0.0706539,0.1435
0.0708758,0.14375
0.0708798,0.144
0.0709769,0.14425
0.0710252,0.1445
0.0711984,0.14475
0.071278,0.145
0.0713622,0.14525
0.0714296,0.1455
0.071595,0.14575
0.0716734,0.146
0.0717882,0.14625
0.0718174,0.1465
0.071898,0.14675
0.0721448,0.147
0.0721704,0.14725
0.0722825,0.1475
0.0723029,0.14775
0.0723935,0.148
0.0724771,0.14825
0.0725824,0.1485
0.0726864,0.14875
0.0729098,0.149
0.073015,0.14925
0.0732417,0.1495
0.0734358,0.14975
0.0735091,0.15
0.073691,0.15025
0.0737395,0.1505
0.0737869,0.15075
0.0739186,0.151
0.0739431,0.15125
0.0740909,0.1515
0.0743065,0.15175
0.0743132,0.152
0.0744911,0.15225
0.0745511,0.1525
0.0745538,0.15275
0.074703,0.153
0.0748903,0.15325
0.0749809,0.1535
0.0750456,0.15375
0.075139,0.154
0.0751785,0.15425
0.075275,0.1545
0.0753867,0.15475
0.075447,0.155
0.0755795,0.15525
0.0756629,0.1555
0.0757205,0.15575
0.0757886,0.156
0.0758616,0.15625
0.0759785,0.1565
0.076046,0.15675
0.0761735,0.157
0.0762993,0.15725
0.0763634,0.1575
0.0764996,0.15775
0.0765609,0.158
0.0767513,0.15825
0.0767938,0.1585
0.0769971,0.15875
0.0770585,0.159
0.0772201,0.15925
0.077307,0.1595
0.0774186,0.15975
0.0775473,0.16
0.0775796,0.16025
0.0777065,0.1605
0.0778308,0.16075
0.0779747,0.161
0.0779959,0.16125
0.0781979,0.1615
0.0783278,0.16175
0.0783548,0.162
0.0783708,0.16225
0.0784069,0.1625
0.0784279,0.16275
0.0784691,0.163
0.0784828,0.16325
0.0785637,0.1635
0.0785921,0.16375
0.0785993,0.164
0.0786144,0.16425
0.078646,0.1645
0.0786733,0.16475
0.0787291,0.165
0.078784,0.16525
0.078833,0.1655
0.0788631,0.16575
0.0789589,0.166
0.0789856,0.16625
0.0790786,0.1665
0.0791022,0.16675
0.0791975,0.167
0.0792283,0.16725
0.0793339,0.1675
0.0793757,0.16775
0.0793915,0.168
0.0794084,0.16825
0.0794523,0.1685
0.079506,0.16875
0.0795136,0.169
0.079534,0.16925
0.0795792,0.1695
0.0796254,0.16975
0.0796373,0.17
0.0796555,0.17025
0.0797418,0.1705
0.0797716,0.17075
0.0798765,0.171
0.0799009,0.17125
0.0799713,0.1715
0.0800376,0.17175
0.080093,0.172
0.0801758,0.17225
0.0801973,0.1725
0.0802816,0.17275
0.0803141,0.173
0.0803676,0.17325
0.0804629,0.1735
0.0805071,0.17375
0.0805768,0.174
0.0806384,0.17425
0.0806891,0.1745
0.0807453,0.17475
0.0808256,0.175
0.0809691,0.17525
0.0810057,0.1755
0.0810524,0.17575
0.081113,0.176
0.0811951,0.17625
0.0813091,0.1765
0.0814117,0.17675
0.0814548,0.177
0.0814769,0.17725
0.0815634,0.1775
0.0815836,0.17775
0.081698,0.178
0.0817409,0.17825
0.081819,0.1785
0.0818503,0.17875
0.0819523,0.179
0.0819824,0.17925
0.0820799,0.1795
0.0821128,0.17975
0.082242,0.18
0.0822843,0.18025
0.0823076,0.1805
0.0823203,0.18075
0.0823341,0.181
0.0823507,0.18125
0.0823837,0.1815
0.0824322,0.18175
0.0824814,0.182
0.0825033,0.18225
0.0825293,0.1825
0.0825661,0.18275
0.0825755,0.183
0.0825907,0.18325
0.0826169,0.1835
0.0826844,0.18375
0.082743,0.184
0.0828492,0.18425
0.0828932,0.1845
0.0829675,0.18475
0.082982,0.185
0.0830334,0.18525
0.0830726,0.1855
0.083092,0.18575
0.0831714,0.186
0.0832031,0.18625
0.083249,0.1865
0.0832646,0.18675
0.0832914,0.187
0.0833088,0.18725
0.0833262,0.1875
0.0833418,0.18775
0.0834248,0.188
0.0834395,0.18825
0.0834974,0.1885
0.0835129,0.18875
0.0835304,0.189
0.0835515,0.18925
0.0835587,0.1895
0.0835741,0.18975
0.0836065,0.19
0.0836478,0.19025
0.0837102,0.1905
0.0838037,0.19075
0.083875,0.191
0.0839276,0.19125
0.0840109,0.1915
0.0840122,0.19175
0.0840607,0.192
0.0841025,0.19225
0.0841288,0.1925
0.0842137,0.19275
0.0842374,0.193
0.0843302,0.19325
0.0843962,0.1935
0.0844631,0.19375
0.0844852,0.194
0.0845495,0.19425
0.0846553,0.1945
0.0847109,0.19475
0.0847677,0.195
0.0848787,0.19525
0.0849204,0.1955
0.084934,0.19575
0.0849854,0.196
0.0851564,0.19625
0.0852272,0.1965
0.085248,0.19675
0.0852888,0.197
0.0853827,0.19725
0.085397,0.1975
0.0854781,0.19775
0.0855623,0.198
0.0855785,0.19825
0.0856188,0.1985
0.0856498,0.19875
0.085737,0.199
0.0857692,0.19925
0.0858893,0.1995
0.0859817,0.19975
0.0860368,0.2
0.0861152,0.20025
0.0861543,0.2005
0.0862349,0.20075
0.086366,0.201
0.0863967,0.20125
0.086439,0.2015
0.0865102,0.20175
0.0865832,0.202
0.0866427,0.20225
0.0867093,0.2025
0.0867876,0.20275
0.0868937,0.203
0.0870203,0.20325
0.0870886,0.2035
0.0871639,0.20375
0.0872227,0.204
0.0872531,0.20425
0.0873889,0.2045
0.0874263,0.20475
0.0875168,0.205
0.0875461,0.20525
0.0876869,0.2055
0.0878493,0.20575
0.0879328,0.206
0.0879644,0.20625
0.0880794,0.2065
0.0880896,0.20675
0.0881582,0.207
0.0883039,0.20725
0.0883458,0.2075
0.0885765,0.20775
0.0887081,0.208
0.0887609,0.20825
0.0888653,0.2085
0.0889058,0.20875
0.0890597,0.209
0.0890909,0.20925
0.0891763,0.2095
0.0892393,0.20975
0.0892882,0.21
0.0893535,0.21025
0.0895469,0.2105
0.0895689,0.21075
0.0896737,0.211
0.0898391,0.21125
0.0899508,0.2115
0.0899873,0.21175
0.0901014,0.212
0.0901596,0.21225
0.0902209,0.2125
0.0902681,0.21275
0.0903335,0.213
0.0903542,0.21325
0.0904251,0.2135
0.0904984,0.21375
0.0907319,0.214
0.0907968,0.21425
0.0908628,0.2145
0.0909192,0.21475
0.0910117,0.215
0.0910526,0.21525
0.0911018,0.2155
0.0911666,0.21575
0.0912155,0.216
0.0912765,0.21625
0.0914263,0.2165
0.0914558,0.21675
0.0915466,0.217
0.0916244,0.21725
0.0917862,0.2175
0.0918267,0.21775
0.0919283,0.218
0.0919917,0.21825
0.0920693,0.2185
0.0921719,0.21875
0.0922371,0.219
0.0924032,0.21925
0.092487,0.2195
0.0926558,0.21975
0.0929523,0.22
0.092994,0.22025
0.0930703,0.2205
0.0931752,0.22075
0.0932642,0.221
0.0933252,0.22125
0.0933705,0.2215
0.0934682,0.22175
0.093565,0.222
0.0937214,0.22225
0.0938912,0.2225
0.0939162,0.22275
0.0940918,0.223
0.0942655,0.22325
0.0942695,0.2235
0.094453,0.22375
0.0946126,0.224
0.0946742,0.22425
0.0948664,0.2245
0.0949307,0.22475
0.0951097,0.225
0.0951484,0.22525
0.0953166,0.2255
0.0954071,0.22575
0.0954602,0.226
0.0955932,0.22625
0.0957367,0.2265
0.0958801,0.22675
0.0960686,0.227
0.0961187,0.22725
0.0963876,0.2275
0.0964289,0.22775
0.0965121,0.228
0.0965903,0.22825
0.0969131,0.2285
0.0969877,0.22875
0.0972823,0.229
0.0973393,0.22925
0.097439,0.2295
0.0974811,0.22975
0.097836,0.23
0.0980533,0.23025
0.0981585,0.2305
0.0983543,0.23075
0.0983845,0.231
0.098476,0.23125
0.0986347,0.2315
0.0988666,0.23175
0.0989583,0.232
0.0990012,0.23225
0.0991407,0.2325
0.0993084,0.23275
0.099426,0.233
0.0996285,0.23325
0.09967,0.2335
0.0997763,0.23375
0.099835,0.234
0.0999292,0.23425
0.100111,0.2345
0.100173,0.23475
0.100363,0.235
0.100437,0.23525
0.100557,0.2355
0.10068,0.23575
0.100839,0.236
0.100923,0.23625
0.101249,0.2365
0.101347,0.23675
0.101434,0.237
0.101587,0.23725
0.101658,0.2375
0.101849,0.23775
0.101897,0.238
0.102136,0.23825
0.102306,0.2385
0.102371,0.23875
0.102589,0.239
0.102607,0.23925
0.102712,0.2395
0.102901,0.23975
0.103063,0.24
0.103134,0.24025
0.103497,0.2405
0.103538,0.24075
0.103603,0.241
0.104122,0.24125
0.104313,0.2415
0.104389,0.24175
0.104662,0.242
0.104729,0.24225
0.104929,0.2425
0.105111,0.24275
0.105167,0.243
0.105362,0.24325
0.105515,0.2435
0.105586,0.24375
0.105913,0.244
0.106021,0.24425
0.106032,0.2445
0.106139,0.24475
0.106407,0.245
0.106622,0.24525
0.10665,0.2455
0.10695,0.24575
0.107027,0.246
0.107175,0.24625
0.107351,0.2465
0.107642,0.24675
0.10783,0.247
0.1079,0.24725
0.108122,0.2475
0.108319,0.24775
0.108401,0.248
0.108556,0.24825
0.108691,0.2485
0.108728,0.24875
0.108809,0.249
0.10916,0.24925
0.109284,0.2495
0.109431,0.24975
0.109597,0.25
0.109723,0.25025
0.109852,0.2505
0.109924,0.25075
0.109982,0.251
0.110052,0.25125
0.110174,0.2515
0.11038,0.25175
0.110467,0.252
0.110539,0.25225
0.110867,0.2525
0.110934,0.25275
0.111028,0.253
0.111197,0.25325
0.111331,0.2535
0.11138,0.25375
0.111427,0.254
0.111613,0.25425
0.111667,0.2545
0.111774,0.25475
0.11192,0.255
0.112107,0.25525
0.112163,0.2555
0.112335,0.25575
0.112409,0.256
0.112592,0.25625
0.11274,0.2565
0.112931,0.25675
0.113048,0.257
0.113093,0.25725
0.113145,0.2575
0.113322,0.25775
0.113482,0.258
0.113552,0.25825
0.113687,0.2585
0.113778,0.25875
0.113848,0.259
0.113917,0.25925
0.114088,0.2595
0.11429,0.25975
0.114394,0.26
0.11458,0.26025
0.114599,0.2605
0.114681,0.26075
0.114745,0.261
0.114917,0.26125
0.11498,0.2615
0.115132,0.26175
0.115174,0.262
0.115261,0.26225
0.115401,0.2625
0.11549,0.26275
0.115594,0.263
0.115794,0.26325
0.115833,0.2635
0.115941,0.26375
0.116003,0.264
0.116169,0.26425
0.116233,0.2645
0.116458,0.26475
0.116516,0.265
0.11666,0.26525
0.116911,0.2655
0.116941,0.26575
0.117063,0.266
0.117274,0.26625
0.117298,0.2665
0.117397,0.26675
0.11747,0.267
0.117604,0.26725
0.117668,0.2675
0.117748,0.26775
0.117795,0.268
0.118,0.26825
0.118143,0.2685
0.118148,0.26875
0.118448,0.269
0.118473,0.26925
0.118525,0.2695
0.118625,0.26975
0.118689,0.27
0.118936,0.27025
0.118965,0.2705
0.119111,0.27075
0.119368,0.271
0.119541,0.27125
0.119884,0.2715
0.120047,0.27175
0.120141,0.272
0.12022,0.27225
0.120322,0.2725
0.12051,0.27275
0.12071,0.273
0.120723,0.27325
0.12083,0.2735
0.120945,0.27375
0.120988,0.274
0.121358,0.27425
0.121561,0.2745
0.12181,0.27475
0.121871,0.275
0.122005,0.27525
0.122166,0.2755
0.122315,0.27575
0.122599,0.276
0.122674,0.27625
0.122875,0.2765
0.123049,0.27675
0.123155,0.277
0.123287,0.27725
0.123311,0.2775
0.123727,0.27775
0.123782,0.278
0.123923,0.27825
0.124079,0.2785
0.124184,0.27875
0.124228,0.279
0.124447,0.27925
0.124693,0.2795
0.124959,0.27975
0.125074,0.28
0.125201,0.28025
0.125287,0.2805
0.125835,0.28075
0.125954,0.281
0.126721,0.28125
0.127028,0.2815
0.127203,0.28175
0.127433,0.282
0.127652,0.28225
0.128046,0.2825
0.128101,0.28275
0.128686,0.283
0.128937,0.28325
0.129235,0.2835
0.12929,0.28375
0.129502,0.284
0.13019,0.28425
0.130404,0.2845
0.130644,0.28475
0.130889,0.285
0.131152,0.28525
0.131393,0.2855
0.131938,0.28575
0.132102,0.286
0.13237,0.28625
0.132664,0.2865
0.13309,0.28675
0.133683,0.287
0.13376,0.28725
0.134401,0.2875
0.134917,0.28775
0.135257,0.288
0.135753,0.28825
0.136127,0.2885
0.136643,0.28875
0.13698,0.289
0.137546,0.28925
0.137621,0.2895
0.138295,0.28975
0.138555,0.29
0.13876,0.29025
0.138967,0.2905
0.139149,0.29075
0.139691,0.291
0.140464,0.29125
0.140588,0.2915
0.140791,0.29175
0.141174,0.292
0.141301,0.29225
0.141517,0.2925
0.141679,0.29275
0.142005,0.293
0.142043,0.29325
0.142405,0.2935
0.142658,0.29375
0.142907,0.294
0.143205,0.29425
0.143555,0.2945
0.143791,0.29475
0.144153,0.295
0.144348,0.29525
0.144391,0.2955
0.144975,0.29575
0.145248,0.296
0.145479,0.29625
0.145683,0.2965
0.145718,0.29675
0.145917,0.297
0.145978,0.29725
0.146268,0.2975
0.146348,0.29775
0.146459,0.298
0.146663,0.29825
0.146768,0.2985
0.147158,0.29875
0.147375,0.299
0.147454,0.29925
0.147796,0.2995
0.148221,0.29975
0.148444,0.3
0.148655,0.30025
0.149167,0.3005
0.149502,0.30075
0.1497,0.301
0.149747,0.30125
0.149868,0.3015
0.15012,0.30175
0.150629,0.302
0.15121,0.30225
0.151437,0.3025
0.15184,0.30275
0.152215,0.303
0.152323,0.30325
0.152896,0.3035
0.153134,0.30375
0.15333,0.304
0.15355,0.30425
0.153871,0.3045
0.154275,0.30475
0.154487,0.305
0.154533,0.30525
0.154855,0.3055
0.155099,0.30575
0.155378,0.306
0.155556,0.30625
0.155915,0.3065
0.156035,0.30675
0.156436,0.307
0.156563,0.30725
0.156947,0.3075
0.157872,0.30775
0.158165,0.308
0.158764,0.30825
0.15937,0.3085
0.159717,0.30875
0.160374,0.309
0.160486,0.30925
0.161019,0.3095
0.161617,0.30975
0.161844,0.31
0.161947,0.31025
0.162465,0.3105
0.162614,0.31075
0.163241,0.311
0.16335,0.31125
0.163867,0.3115
0.164259,0.31175
0.165001,0.312
0.165144,0.31225
0.16634,0.3125
0.166726,0.31275
0.167495,0.313
0.167517,0.31325
0.168288,0.3135
0.168869,0.31375
0.169773,0.314
0.169983,0.31425
0.170282,0.3145
0.170466,0.31475
0.170861,0.315
0.171606,0.31525
0.172328,0.3155
0.17271,0.31575
0.173133,0.316
0.173441,0.31625
0.173722,0.3165
0.173957,0.31675
0.174339,0.317
0.174458,0.31725
0.174684,0.3175
0.1749,0.31775
0.175288,0.318
0.175548,0.31825
0.176266,0.3185
0.176531,0.31875
0.176664,0.319
0.177206,0.31925
0.177663,0.3195
0.177806,0.31975
0.178217,0.32
0.178491,0.32025
0.17873,0.3205
0.179217,0.32075
0.179319,0.321
0.179992,0.32125
0.180608,0.3215
0.180901,0.32175
0.181165,0.322
0.181399,0.32225
0.181938,0.3225
0.182656,0.32275
0.182685,0.323
0.183832,0.32325
0.183922,0.3235
0.184218,0.32375
0.184578,0.324
0.184651,0.32425
0.185213,0.3245
0.185694,0.32475
0.186209,0.325
0.186431,0.32525
0.186794,0.3255
0.186929,0.32575
0.187367,0.326
0.18795,0.32625
0.18814,0.3265
0.188464,0.32675
0.188644,0.327
0.188909,0.32725
0.189092,0.3275
0.189287,0.32775
0.189363,0.328
0.189712,0.32825
0.189876,0.3285
0.190098,0.32875
0.190374,0.329
0.190587,0.32925
0.19065,0.3295
0.190865,0.32975
0.191179,0.33
0.191289,0.33025
0.191666,0.3305
0.191775,0.33075
0.191853,0.331
0.192122,0.33125
0.192356,0.3315
0.192442,0.33175
0.192574,0.332
0.192638,0.33225
0.19287,0.3325
0.193162,0.33275
0.193396,0.333
0.193583,0.33325
0.193733,0.3335
0.193898,0.33375
0.194065,0.334
0.194072,0.33425
0.194382,0.3345
0.194557,0.33475
0.194917,0.335
0.195013,0.33525
0.195286,0.3355
0.195348,0.33575
0.195432,0.336
0.195628,0.33625
0.196075,0.3365
0.196194,0.33675
0.196684,0.337
0.197063,0.33725
0.197162,0.3375
0.197357,0.33775
0.197508,0.338
0.19761,0.33825
0.197834,0.3385
0.197882,0.33875
0.198252,0.339
0.198441,0.33925
0.198789,0.3395
0.198995,0.33975
0.199196,0.34
0.199446,0.34025
0.19969,0.3405
0.199836,0.34075
0.200103,0.341
0.200273,0.34125
0.200387,0.3415
0.200632,0.34175
0.201006,0.342
0.201142,0.34225
0.201399,0.3425
0.201637,0.34275
0.202,0.343
0.20203,0.34325
0.202246,0.3435
0.202666,0.34375
0.202765,0.344
0.202886,0.34425
0.203082,0.3445
0.203272,0.34475
0.203471,0.345
0.2036,0.34525
0.203804,0.3455
0.20407,0.34575
0.204129,0.346
0.204258,0.34625
0.204513,0.3465
0.204709,0.34675
0.204792,0.347
0.204887,0.34725
0.20496,0.3475
0.205074,0.34775
0.205404,0.348
0.205518,0.34825
0.20578,0.3485
0.205938,0.34875
0.206154,0.349
0.206203,0.34925
0.20637,0.3495
0.206562,0.34975
0.206637,0.35
0.206777,0.35025
0.206985,0.3505
0.207239,0.35075
0.207393,0.351
0.207475,0.35125
0.207835,0.3515
0.207913,0.35175
0.207988,0.352
0.208067,0.35225
0.208151,0.3525
0.208194,0.35275
0.208356,0.353
0.208606,0.35325
0.208829,0.3535
0.208967,0.35375
0.209059,0.354
0.209332,0.35425
0.209483,0.3545
0.209635,0.35475
0.209851,0.355
0.209881,0.35525
0.210092,0.3555
0.210146,0.35575
0.21048,0.356
0.210568,0.35625
0.210645,0.3565
0.210835,0.35675
0.210896,0.357
0.211279,0.35725
0.211439,0.3575
0.211729,0.35775
0.211871,0.358
0.212179,0.35825
0.212414,0.3585
0.212602,0.35875
0.212854,0.359
0.213124,0.35925
0.213368,0.3595
0.213461,0.35975
0.213617,0.36
0.213716,0.36025
0.213928,0.3605
0.214209,0.36075
0.214401,0.361
0.214524,0.36125
0.214711,0.3615
0.214962,0.36175
0.215048,0.362
0.215128,0.36225
0.215463,0.3625
0.215525,0.36275
0.215794,0.363
0.216017,0.36325
0.216257,0.3635
0.2164,0.36375
0.216537,0.364
0.216773,0.36425
0.216969,0.3645
0.217056,0.36475
0.217132,0.365
0.217311,0.36525
0.217476,0.3655
0.217872,0.36575
0.217969,0.366
0.218179,0.36625
0.218394,0.3665
0.21861,0.36675
0.218689,0.367
0.218904,0.36725
0.219133,0.3675
0.219453,0.36775
0.219716,0.368
0.219983,0.36825
0.220262,0.3685
0.220452,0.36875
0.220666,0.369
0.220864,0.36925
0.220999,0.3695
0.221364,0.36975
0.221507,0.37
0.221634,0.37025
0.221863,0.3705
0.222028,0.37075
0.222143,0.371
0.222383,0.37125
0.222662,0.3715
0.222925,0.37175
0.223005,0.372
0.223201,0.37225
0.223355,0.3725
0.22371,0.37275
0.223918,0.373
0.224214,0.37325
0.224439,0.3735
0.22469,0.37375
0.224867,0.374
0.225192,0.37425
0.225393,0.3745
0.225661,0.37475
0.226013,0.375
0.226033,0.37525
0.226236,0.3755
0.226509,0.37575
0.226632,0.376
0.227125,0.37625
0.227533,0.3765
0.227747,0.37675
0.22813,0.377
0.228389,0.37725
0.228492,0.3775
0.228836,0.37775
0.229229,0.378
0.229596,0.37825
0.229834,0.3785
0.230121,0.37875
0.230241,0.379
0.230467,0.37925
0.230867,0.3795
0.230951,0.37975
0.231327,0.38
0.231562,0.38025
0.2318,0.3805
0.232032,0.38075
0.23223,0.381
0.232519,0.38125
0.232561,0.3815
0.232678,0.38175
0.233088,0.382
0.23333,0.38225
0.233494,0.3825
0.23378,0.38275
0.234006,0.383
0.234201,0.38325
0.234556,0.3835
0.23466,0.38375
0.234902,0.384
0.235259,0.38425
0.235477,0.3845
0.23579,0.38475
0.236116,0.385
0.236186,0.38525
0.23652,0.3855
0.236602,0.38575
0.236681,0.386
0.236926,0.38625
0.237281,0.3865
0.237389,0.38675
0.237851,0.387
0.238246,0.38725
0.238302,0.3875
0.238675,0.38775
0.238787,0.388
0.238937,0.38825
0.239209,0.3885
0.239355,0.38875
0.239702,0.389
0.23985,0.38925
0.240047,0.3895
0.24031,0.38975
0.240397,0.39
0.240678,0.39025
0.240834,0.3905
0.241026,0.39075
0.241331,0.391
0.241338,0.39125
0.241599,0.3915
0.241765,0.39175
0.242166,0.392
0.242245,0.39225
0.242612,0.3925
0.242703,0.39275
0.242862,0.393
0.243009,0.39325
0.243389,0.3935
0.243527,0.39375
0.243891,0.394
0.244025,0.39425
0.244389,0.3945
0.244421,0.39475
0.244787,0.395
0.244985,0.39525
0.245359,0.3955
0.245443,0.39575
0.245556,0.396
0.245799,0.39625
0.245932,0.3965
0.246096,0.39675
0.246229,0.397
0.246516,0.39725
0.246698,0.3975
0.246956,0.39775
0.247295,0.398
0.247422,0.39825
0.247564,0.3985
0.247702,0.39875
0.248041,0.399
0.248526,0.39925
0.248749,0.3995
0.249045,0.39975
0.24915,0.4
0.249474,0.40025
0.249654,0.4005
0.249701,0.40075
0.249972,0.401
0.250233,0.40125
0.250533,0.4015
0.250771,0.40175
0.250787,0.402
0.250804,0.40225
0.250834,0.4025
0.25085,0.40275
0.25086,0.403
0.250887,0.40325
0.250897,0.4035
0.250934,0.40375
0.250961,0.404
0.251018,0.40425
0.251065,0.4045
0.251074,0.40475
0.251091,0.405
0.251109,0.40525
0.251168,0.4055
0.251203,0.40575
0.251249,0.406
0.251308,0.40625
0.25133,0.4065
0.251426,0.40675
0.251467,0.407
0.251538,0.40725
0.251571,0.4075
0.251681,0.40775
0.251691,0.408
0.251752,0.40825
0.251768,0.4085
0.251787,0.40875
0.251805,0.409
0.251824,0.40925
0.251856,0.4095
0.251906,0.40975
0.251964,0.41
0.251997,0.41025
0.252013,0.4105
0.25207,0.41075
0.252117,0.411
0.252158,0.41125
0.252175,0.4115
0.252205,0.41175
0.252216,0.412
0.252267,0.41225
0.252286,0.4125
0.252315,0.41275
0.252395,0.413
0.252451,0.41325
0.252521,0.4135
0.25258,0.41375
0.252593,0.414
0.25265,0.41425
0.252712,0.4145
0.252777,0.41475
0.252792,0.415
0.252894,0.41525
0.252927,0.4155
0.253005,0.41575
0.253079,0.416
0.253122,0.41625
0.253184,0.4165
0.253241,0.41675
0.253296,0.417
0.253403,0.41725
0.25349,0.4175
0.253573,0.41775
0.253585,0.418
0.253681,0.41825
0.253756,0.4185
0.253795,0.41875
0.253881,0.419
0.253908,0.41925
0.254023,0.4195
0.254099,0.41975
0.25416,0.42
0.254248,0.42025
0.254279,0.4205
0.254365,0.42075
0.254402,0.421
0.254496,0.42125
0.254515,0.4215
0.254607,0.42175
0.254661,0.422
0.254687,0.42225
0.254706,0.4225
0.254718,0.42275
0.254762,0.423
0.254783,0.42325
0.254805,0.4235
0.254825,0.42375
0.254865,0.424
0.254915,0.42425
0.254936,0.4245
0.254952,0.42475
0.254985,0.425
0.255009,0.42525
0.255098,0.4255
0.255119,0.42575
0.255169,0.426
0.255274,0.42625
0.255316,0.4265
0.255343,0.42675
0.255427,0.427
0.255449,0.42725
0.255537,0.4275
0.255554,0.42775
0.255648,0.428
0.25567,0.42825
0.255687,0.4285
0.255706,0.42875
0.255747,0.429
0.255761,0.42925
0.255829,0.4295
0.255851,0.42975
0.255927,0.43
0.255949,0.43025
0.255974,0.4305
0.255992,0.43075
0.256011,0.431
0.256032,0.43125
0.256064,0.4315
0.256084,0.43175
0.256151,0.432
0.256191,0.43225
0.256217,0.4325
0.256291,0.43275
0.256344,0.433
0.256409,0.43325
0.256491,0.4335
0.256534,0.43375
0.256595,0.434
0.256644,0.43425
0.256687,0.4345
0.256711,0.43475
0.256841,0.435
0.256912,0.43525
0.257013,0.4355
0.257086,0.43575
0.257139,0.436
0.257233,0.43625
0.257263,0.4365
0.257384,0.43675
0.257488,0.437
0.257506,0.43725
0.257611,0.4375
0.257627,0.43775
0.257665,0.438
0.257691,0.43825
0.257746,0.4385
0.257776,0.43875
0.257888,0.439
0.25799,0.43925
0.258013,0.4395
0.258137,0.43975
0.258197,0.44
0.258264,0.44025
0.258425,0.4405
0.258488,0.44075
0.258559,0.441
0.258587,0.44125
0.258621,0.4415
0.258705,0.44175
0.258763,0.442
0.258837,0.44225
0.258849,0.4425
0.258903,0.44275
0.259049,0.443
0.259153,0.44325
0.259327,0.4435
0.259375,0.44375
0.2594,0.444
0.259546,0.44425
0.259619,0.4445
0.259691,0.44475
0.259798,0.445
0.259922,0.44525
0.259966,0.4455
0.260061,0.44575
0.260085,0.446
0.260162,0.44625
0.26026,0.4465
0.260377,0.44675
0.260592,0.447
0.260682,0.44725
0.260696,0.4475
0.260827,0.44775
0.260919,0.448
0.260956,0.44825
0.261119,0.4485
0.261204,0.44875
0.261295,0.449
0.261341,0.44925
0.261366,0.4495
0.261523,0.44975
0.261571,0.45
0.261676,0.45025
0.261765,0.4505
0.26179,0.45075
0.261849,0.451
0.261941,0.45125
0.261977,0.4515
0.262149,0.45175
0.262161,0.452
0.262348,0.45225
0.262451,0.4525
0.262554,0.45275
0.262587,0.453
0.262715,0.45325
0.262774,0.4535
0.262872,0.45375
0.262925,0.454
0.26301,0.45425
0.263025,0.4545
0.263127,0.45475
0.263142,0.455
0.263241,0.45525
0.263314,0.4555
0.26346,0.45575
0.263538,0.456
0.263571,0.45625
0.263718,0.4565
0.263783,0.45675
0.263923,0.457
0.263936,0.45725
0.264052,0.4575
0.264106,0.45775
0.264339,0.458
0.264399,0.45825
0.264496,0.4585
0.264647,0.45875
0.264683,0.459
0.264749,0.45925
0.264806,0.4595
0.264892,0.45975
0.264933,0.46
0.26507,0.46025
0.2651,0.4605
0.265313,0.46075
0.265353,0.461
0.265455,0.46125
0.265482,0.4615
0.265582,0.46175
0.26561,0.462
0.265775,0.46225
0.2659,0.4625
0.266008,0.46275
0.266164,0.463
0.266198,0.46325
0.266382,0.4635
0.266447,0.46375
0.266463,0.464
0.266499,0.46425
0.26652,0.4645
0.266618,0.46475
0.266648,0.465
0.266687,0.46525
0.266707,0.4655
0.26672,0.46575
0.266764,0.466
0.266789,0.46625
0.266826,0.4665
0.266864,0.46675
0.266916,0.467
0.266965,0.46725
0.267017,0.4675
0.267081,0.46775
0.267144,0.468
0.267229,0.46825
0.26726,0.4685
0.267356,0.46875
0.267375,0.469
0.267424,0.46925
0.267442,0.4695
0.267479,0.46975
0.267499,0.47
0.267544,0.47025
0.267621,0.4705
0.267642,0.47075
0.267671,0.471
0.267688,0.47125
0.267745,0.4715
0.267804,0.47175
0.267828,0.472
0.267856,0.47225
0.267925,0.4725
0.268029,0.47275
0.26806,0.473
0.268073,0.47325
0.268148,0.4735
0.268219,0.47375
0.2683,0.474
0.26843,0.47425
0.268571,0.4745
0.268608,0.47475
0.268655,0.475
0.268745,0.47525
0.268816,0.4755
0.268884,0.47575
0.268944,0.476
0.268977,0.47625
0.269058,0.4765
0.269121,0.47675
0.26919,0.477
0.269335,0.47725
0.269359,0.4775
0.269418,0.47775
0.269473,0.478
0.269528,0.47825
0.269617,0.4785
0.26963,0.47875
0.2697,0.479
0.269749,0.47925
0.269843,0.4795
0.269898,0.47975
0.270016,0.48
0.270081,0.48025
0.270127,0.4805
0.270226,0.48075
0.270265,0.481
0.270365,0.48125
0.270402,0.4815
0.270423,0.48175
0.270442,0.482
0.270475,0.48225
0.270519,0.4825
0.270545,0.48275
0.270601,0.483
0.270621,0.48325
0.270652,0.4835
0.270678,0.48375
0.270752,0.484
0.270803,0.48425
0.270884,0.4845
0.270947,0.48475
0.270981,0.485
0.271073,0.48525
0.271122,0.4855
0.271136,0.48575
0.271214,0.486
0.271313,0.48625
0.271341,0.4865
0.27136,0.48675
0.271393,0.487
0.271406,0.48725
0.271449,0.4875
0.27147,0.48775
0.271555,0.488
0.271587,0.48825
0.271603,0.4885
0.271652,0.48875
0.271703,0.489
0.271715,0.48925
0.27177,0.4895
0.271821,0.48975
0.271836,0.49
0.271918,0.49025
0.271931,0.4905
0.271996,0.49075
0.272067,0.491
0.272097,0.49125
0.272193,0.4915
0.27222,0.49175
0.272303,0.492
0.272332,0.49225
0.272461,0.4925
0.272484,0.49275
0.272529,0.493
0.272568,0.49325
0.272623,0.4935
0.272685,0.49375
0.272868,0.494
0.272969,0.49425
0.273014,0.4945
0.273059,0.49475
0.273131,0.495
0.27324,0.49525
0.273441,0.4955
0.273577,0.49575
0.273733,0.496
0.273832,0.49625
0.273856,0.4965
0.273955,0.49675
0.274023,0.497
0.274037,0.49725
0.274133,0.4975
0.274375,0.49775
0.274405,0.498
0.274505,0.49825
0.27456,0.4985
0.274642,0.49875
0.274698,0.499
0.274769,0.49925
0.274897,0.4995
0.274976,0.49975
0.275027,0.5
0.275203,0.50025
0.275276,0.5005
0.27537,0.50075
0.275421,0.501
0.275451,0.50125
0.275596,0.5015
0.275661,0.50175
0.275804,0.502
0.275869,0.50225
0.276056,0.5025
0.276168,0.50275
0.276266,0.503
0.276395,0.50325
0.276467,0.5035
0.276494,0.50375
0.27657,0.504
0.276655,0.50425
0.276767,0.5045
0.276832,0.50475
0.277083,0.505
0.277111,0.50525
0.277284,0.5055
0.277363,0.50575
0.277578,0.506
0.277588,0.50625
0.277758,0.5065
0.277929,0.50675
0.277954,0.507
0.278035,0.50725
0.278055,0.5075
0.278119,0.50775
0.278266,0.508
0.278331,0.50825
0.278409,0.5085
0.278446,0.50875
0.278545,0.509
0.27872,0.50925
0.278762,0.5095
0.278866,0.50975
0.279001,0.51
0.279086,0.51025
0.279168,0.5105
0.279314,0.51075
0.279379,0.511
0.279483,0.51125
0.279616,0.5115
0.279673,0.51175
0.279852,0.512
0.279924,0.51225
0.280074,0.5125
0.280141,0.51275
0.280299,0.513
0.280496,0.51325
0.280527,0.5135
0.28074,0.51375
0.280873,0.514
0.280937,0.51425
0.280971,0.5145
0.281073,0.51475
0.281237,0.515
0.28148,0.51525
0.281679,0.5155
0.281875,0.51575
0.28199,0.516
0.282087,0.51625
0.282168,0.5165
0.282269,0.51675
0.282487,0.517
0.282579,0.51725
0.282671,0.5175
0.282728,0.51775
0.282805,0.518
0.28295,0.51825
0.283018,0.5185
0.283131,0.51875
0.283161,0.519
0.283302,0.51925
0.283392,0.5195
0.283564,0.51975
0.283602,0.52
0.283698,0.52025
0.283733,0.5205
0.283829,0.52075
0.284025,0.521
0.284095,0.52125
0.284245,0.5215
0.284275,0.52175
0.284397,0.522
0.284506,0.52225
0.284748,0.5225
0.284818,0.52275
0.284996,0.523
0.285113,0.52325
0.285356,0.5235
0.285544,0.52375
0.285621,0.524
0.28569,0.52425
0.285856,0.5245
0.285925,0.52475
0.286027,0.525
0.286068,0.52525
0.286107,0.5255
0.286276,0.52575
0.286333,0.526
0.286486,0.52625
0.28653,0.5265
0.286676,0.52675
0.286884,0.527
0.286895,0.52725
0.287044,0.5275
0.28725,0.52775
0.287304,0.528
0.287371,0.52825
0.287484,0.5285
0.287519,0.52875
0.287703,0.529
0.28794,0.52925
0.288025,0.5295
0.288104,0.52975
0.288172,0.53
0.288301,0.53025
0.288439,0.5305
0.288632,0.53075
0.288731,0.531
0.288835,0.53125
0.288889,0.5315
0.288967,0.53175
0.288989,0.532
0.289147,0.53225
0.289251,0.5325
0.289332,0.53275
0.289551,0.533
0.289615,0.53325
0.289772,0.5335
0.289868,0.53375
0.289964,0.534
0.290035,0.53425
0.29015,0.5345
0.290291,0.53475
0.290542,0.535
0.290724,0.53525
0.290753,0.5355
0.290914,0.53575
0.291018,0.536
0.291062,0.53625
0.291174,0.5365
0.291363,0.53675
0.291481,0.537
0.291723,0.53725
0.291922,0.5375
0.292,0.53775
0.292128,0.538
0.292331,0.53825
0.292551,0.5385
0.292773,0.53875
0.292857,0.539
0.292936,0.53925
0.292968,0.5395
0.293213,0.53975
0.293267,0.54
0.293371,0.54025
0.29341,0.5405
0.293675,0.54075
0.293793,0.541
0.293931,0.54125
0.294251,0.5415
0.294356,0.54175
0.294392,0.542
0.294477,0.54225
0.294781,0.5425
0.294993,0.54275
0.295206,0.543
0.29523,0.54325
0.295448,0.5435
0.295478,0.54375
0.295689,0.544
0.295903,0.54425
0.296221,0.5445
0.296375,0.54475
0.296605,0.545
0.296673,0.54525
0.296893,0.5455
0.296944,0.54575
0.297153,0.546
0.297486,0.54625
0.297545,0.5465
0.297653,0.54675
0.29781,0.547
0.297998,0.54725
0.298042,0.5475
0.298117,0.54775
0.298254,0.548
0.298302,0.54825
0.298456,0.5485
0.298555,0.54875
0.298714,0.549
0.298956,0.54925
0.299098,0.5495
0.299205,0.54975
0.299313,0.55
0.299348,0.55025
0.299602,0.5505
0.299672,0.55075
0.29983,0.551
0.299901,0.55125
0.300089,0.5515
0.300152,0.55175
0.300347,0.552
0.300363,0.55225
0.300463,0.5525
0.300572,0.55275
0.300633,0.553
0.300764,0.55325
0.300795,0.5535
0.301056,0.55375
0.3011,0.554
0.301201,0.55425
0.301283,0.5545
0.301388,0.55475
0.301617,0.555
0.301666,0.55525
0.301909,0.5555
0.30215,0.55575
0.302205,0.556
0.302418,0.55625
0.302478,0.5565
0.302667,0.55675
0.302695,0.557
0.302768,0.55725
0.302905,0.5575
0.303074,0.55775
0.303219,0.558
0.303416,0.55825
0.30346,0.5585
0.303512,0.55875
0.30366,0.559
0.303851,0.55925
0.30406,0.5595
0.304229,0.55975
0.30434,0.56
0.30449,0.56025
0.304549,0.5605
0.30469,0.56075
0.305018,0.561
0.305101,0.56125
0.305211,0.5615
0.305296,0.56175
0.305374,0.562
0.305571,0.56225
0.305796,0.5625
0.305969,0.56275
0.306002,0.563
0.306301,0.56325
0.306431,0.5635
0.306528,0.56375
0.306753,0.564
0.306947,0.56425
0.307005,0.5645
0.30725,0.56475
0.307287,0.565
0.307437,0.56525
0.307643,0.5655
0.307823,0.56575
0.30803,0.566
0.308261,0.56625
0.308465,0.5665
0.308708,0.56675
0.308853,0.567
0.308888,0.56725
0.309143,0.5675
0.309215,0.56775
0.309386,0.568
0.309682,0.56825
0.309832,0.5685
0.309993,0.56875
0.31011,0.569
0.310251,0.56925
0.310332,0.5695
0.310724,0.56975
0.310877,0.57
0.311104,0.57025
0.311141,0.5705
0.311377,0.57075
0.311691,0.571
0.311779,0.57125
0.312211,0.5715
0.31225,0.57175
0.31235,0.572
0.31254,0.57225
0.312568,0.5725
0.312846,0.57275
0.313057,0.573
0.313325,0.57325
0.313467,0.5735
0.313492,0.57375
0.313543,0.574
0.313578,0.57425
0.313613,0.5745
0.313695,0.57475
0.313726,0.575
0.313777,0.57525
0.31385,0.5755
0.313888,0.57575
0.313917,0.576
0.313983,0.57625
0.314072,0.5765
0.314127,0.57675
0.314258,0.577
0.314317,0.57725
0.314357,0.5775
0.314452,0.57775
0.314507,0.578
0.314526,0.57825
0.314561,0.5785
0.314593,0.57875
0.314707,0.579
0.314767,0.57925
0.314843,0.5795
0.314874,0.57975
0.314956,0.58
0.31502,0.58025
0.315084,0.5805
0.315243,0.58075
0.315307,0.581
0.315386,0.58125
0.315459,0.5815
0.315511,0.58175
0.315576,0.582
0.315698,0.58225
0.315826,0.5825
0.315878,0.58275
0.315921,0.583
0.316009,0.58325
0.316078,0.5835
0.316261,0.58375
0.316284,0.584
0.316403,0.58425
0.316481,0.5845
0.316544,0.58475
0.316676,0.585
0.31678,0.58525
0.316868,0.5855
0.31692,0.58575
0.317046,0.586
0.317113,0.58625
0.317171,0.5865
0.317252,0.58675
0.317316,0.587
0.3174,0.58725
0.317423,0.5875
0.317451,0.58775
0.317547,0.588
0.317567,0.58825
0.317633,0.5885
0.317688,0.58875
0.317692,0.589
0.317752,0.58925
0.317839,0.5895
0.31792,0.58975
0.317962,0.59
0.318047,0.59025
0.318109,0.5905
0.318137,0.59075
0.318229,0.591
0.31831,0.59125
0.318365,0.5915
0.318431,0.59175
0.318451,0.592
0.318543,0.59225
0.318574,0.5925
0.318629,0.59275
0.318695,0.593
0.318791,0.59325
0.318965,0.5935
0.319011,0.59375
0.319079,0.594
0.319158,0.59425
0.319213,0.5945
0.319268,0.59475
0.319373,0.595
0.319447,0.59525
0.319639,0.5955
0.319798,0.59575
0.319854,0.596
0.319984,0.59625
0.320081,0.5965
0.320183,0.59675
0.32021,0.597
0.320382,0.59725
0.320657,0.5975
0.320704,0.59775
0.320865,0.598
0.320888,0.59825
0.321021,0.5985
0.321086,0.59875
0.321377,0.599
0.321449,0.59925
0.321565,0.5995
0.32174,0.59975
0.321821,0.6
0.321872,0.60025
0.322007,0.6005
0.322097,0.60075
0.322318,0.601
0.322491,0.60125
0.322604,0.6015
0.322741,0.60175
0.322775,0.602
0.322889,0.60225
0.322907,0.6025
0.323118,0.60275
0.323394,0.603
0.323448,0.60325
0.323518,0.6035
0.323617,0.60375
0.323687,0.604
0.323858,0.60425
0.323931,0.6045
0.324187,0.60475
0.32434,0.605
0.3245,0.60525
0.324758,0.6055
0.324991,0.60575
0.325111,0.606
0.325271,0.60625
0.325552,0.6065
0.325588,0.60675
0.325726,0.607
0.325908,0.60725
0.325981,0.6075
0.326294,0.60775
0.326378,0.608
0.326466,0.60825
0.32661,0.6085
0.32682,0.60875
0.326903,0.609
0.32705,0.60925
0.327186,0.6095
0.327342,0.60975
0.327389,0.61
0.327493,0.61025
0.327857,0.6105
0.327981,0.61075
0.32815,0.611
0.328217,0.61125
0.328545,0.6115
0.32872,0.61175
0.329031,0.612
0.329165,0.61225
0.329218,0.6125
0.329295,0.61275
0.329346,0.613
0.329401,0.61325
0.329442,0.6135
0.329462,0.61375
0.329604,0.614
0.329724,0.61425
0.329774,0.6145
0.329887,0.61475
0.330051,0.615
0.330062,0.61525
0.330136,0.6155
0.330197,0.61575
0.330243,0.616
0.330309,0.61625
0.330375,0.6165
0.330437,0.61675
0.330535,0.617
0.330598,0.61725
0.330625,0.6175
0.330719,0.61775
0.330756,0.618
0.330974,0.61825
0.331025,0.6185
0.331173,0.61875
0.331259,0.619
0.33149,0.61925
0.33166,0.6195
0.33172,0.61975
0.331973,0.62
0.332118,0.62025
0.332162,0.6205
0.332317,0.62075
0.332465,0.621
0.332605,0.62125
0.332788,0.6215
0.332897,0.62175
0.332987,0.622
0.333074,0.62225
0.333118,0.6225
0.333137,0.62275
0.333285,0.623
0.333323,0.62325
0.33339,0.6235
0.333442,0.62375
0.333744,0.624
0.333816,0.62425
0.333965,0.6245
0.334062,0.62475
0.334192,0.625
0.334571,0.62525
0.335064,0.6255
0.335305,0.62575
0.335592,0.626
0.335685,0.62625
0.33584,0.6265
0.336029,0.62675
0.337041,0.627
0.3371,0.62725
0.337202,0.6275
0.337276,0.62775
0.337341,0.628
0.337672,0.62825
0.33781,0.6285
0.338153,0.62875
0.338392,0.629
0.338585,0.62925
0.338813,0.6295
0.338897,0.62975
0.338947,0.63
0.339139,0.63025
0.339291,0.6305
0.33943,0.63075
0.339632,0.631
0.339743,0.63125
0.34014,0.6315
0.340198,0.63175
0.340578,0.632
0.34071,0.63225
0.34107,0.6325
0.341146,0.63275
0.341603,0.633
0.34165,0.63325
0.341876,0.6335
0.3424,0.63375
0.342979,0.634
0.343148,0.63425
0.343487,0.6345
0.343623,0.63475
0.343987,0.635
0.34494,0.63525
0.345068,0.6355
0.345221,0.63575
0.345257,0.636
0.345488,0.63625
0.345651,0.6365
0.345809,0.63675
0.345975,0.637
0.346118,0.63725
0.346161,0.6375
0.34628,0.63775
0.346434,0.638
0.346584,0.63825
0.346824,0.6385
0.347032,0.63875
0.347129,0.639
0.34717,0.63925
0.347244,0.6395
0.347311,0.63975
0.347651,0.64
0.347843,0.64025
0.347968,0.6405
0.348195,0.64075
0.348385,0.641
0.348511,0.64125
0.348698,0.6415
0.348963,0.64175
0.34898,0.642
0.349186,0.64225
0.349381,0.6425
0.349457,0.64275
0.349656,0.643
0.349818,0.64325
0.350034,0.6435
0.350274,0.64375
0.350508,0.644
0.350623,0.64425
0.350914,0.6445
0.351121,0.64475
0.351482,0.645
0.351693,0.64525
0.351913,0.6455
0.352124,0.64575
0.352195,0.646
0.352601,0.64625
0.352713,0.6465
0.352831,0.64675
0.353035,0.647
0.353429,0.64725
0.353505,0.6475
0.35366,0.64775
0.353846,0.648
0.35391,0.64825
0.354321,0.6485
0.354457,0.64875
0.354673,0.649
0.354955,0.64925
0.355123,0.6495
0.355337,0.64975
0.35535,0.65
0.355546,0.65025
0.355688,0.6505
0.355904,0.65075
0.356063,0.651
0.356152,0.65125
0.356535,0.6515
0.356648,0.65175
0.356703,0.652
0.356925,0.65225
0.357164,0.6525
0.357324,0.65275
0.357628,0.653
0.357769,0.65325
0.358031,0.6535
0.358195,0.65375
0.358414,0.654
0.358622,0.65425
0.358831,0.6545
0.359131,0.65475
0.35947,0.655
0.359726,0.65525
0.359829,0.6555
0.36031,0.65575
0.360632,0.656
0.360802,0.65625
0.361125,0.6565
0.361234,0.65675
0.361465,0.657
0.361672,0.65725
0.361833,0.6575
0.36196,0.65775
0.362259,0.658
0.362567,0.65825
0.363055,0.6585
0.363262,0.65875
0.363538,0.659
0.364023,0.65925
0.364257,0.6595
0.364689,0.65975
0.364993,0.66
0.365231,0.66025
0.365387,0.6605
0.366381,0.66075
0.366581,0.661
0.366717,0.66125
0.367145,0.6615
0.367876,0.66175
0.368352,0.662
0.368644,0.66225
0.36889,0.6625
0.369119,0.66275
0.369491,0.663
0.369736,0.66325
0.369966,0.6635
0.370176,0.66375
0.370357,0.664
0.370724,0.66425
0.37086,0.6645
0.371255,0.66475
0.371504,0.665
0.371598,0.66525
0.372311,0.6655
0.37269,0.66575
0.372829,0.666
0.373211,0.66625
0.374414,0.6665
0.374731,0.66675
0.375672,0.667
0.376309,0.66725
0.376439,0.6675
0.376602,0.66775
0.376795,0.668
0.376928,0.66825
0.377104,0.6685
0.377171,0.66875
0.377477,0.669
0.377532,0.66925
0.37765,0.6695
0.377862,0.66975
0.37789,0.67
0.378095,0.67025
0.378163,0.6705
0.378374,0.67075
0.378538,0.671
0.378679,0.67125
0.378971,0.6715
0.379009,0.67175
0.379145,0.672
0.379483,0.67225
0.379668,0.6725
0.379808,0.67275
0.379977,0.673
0.380177,0.67325
0.380404,0.6735
0.380465,0.67375
0.380575,0.674
0.380785,0.67425
0.380852,0.6745
0.381163,0.67475
0.381324,0.675
0.381524,0.67525
0.381549,0.6755
0.3817,0.67575
0.381826,0.676
0.38203,0.67625
0.382081,0.6765
0.382325,0.67675
0.38235,0.677
0.382532,0.67725
0.382642,0.6775
0.382697,0.67775
0.382847,0.678
0.383072,0.67825
0.383312,0.6785
0.383529,0.67875
0.383726,0.679
0.383779,0.67925
0.383982,0.6795
0.384011,0.67975
0.384329,0.68
0.384413,0.68025
0.38455,0.6805
0.38488,0.68075
0.385148,0.681
0.385271,0.68125
0.385616,0.6815
0.385728,0.68175
0.385977,0.682
0.38619,0.68225
0.386307,0.6825
0.386586,0.68275
0.386802,0.683
0.386852,0.68325
0.387153,0.6835
0.387206,0.68375
0.387651,0.684
0.387701,0.68425
0.388029,0.6845
0.388072,0.68475
0.388231,0.685
0.388496,0.68525
0.38854,0.6855
0.388843,0.68575
0.389058,0.686
0.389102,0.68625
0.38937,0.6865
0.389583,0.68675
0.389849,0.687
0.389965,0.68725
0.390011,0.6875
0.390235,0.68775
0.390509,0.688
0.390616,0.68825
0.391055,0.6885
0.391292,0.68875
0.391379,0.689
0.391565,0.68925
0.391776,0.6895
0.391885,0.68975
0.392218,0.69
0.392396,0.69025
0.39267,0.6905
0.392984,0.69075
0.393062,0.691
0.393147,0.69125
0.393479,0.6915
0.393556,0.69175
0.393664,0.692
0.393874,0.69225
0.393961,0.6925
0.394139,0.69275
0.394532,0.693
0.394706,0.69325
0.39499,0.6935
0.395038,0.69375
0.395388,0.694
0.395536,0.69425
0.395973,0.6945
0.39602,0.69475
0.396223,0.695
0.396476,0.69525
0.39672,0.6955
0.396752,0.69575
0.396993,0.696
0.397244,0.69625
0.397462,0.6965
0.39749,0.69675
0.397755,0.697
0.398093,0.69725
0.39823,0.6975
0.398632,0.69775
0.39883,0.698
0.399033,0.69825
0.399435,0.6985
0.399655,0.69875
0.399701,0.699
0.400089,0.69925
0.400215,0.6995
0.400556,0.69975
0.400791,0.7
0.400916,0.70025
0.401287,0.7005
0.401403,0.70075
0.401614,0.701
0.401684,0.70125
0.401989,0.7015
0.402035,0.70175
0.402175,0.702
0.402536,0.70225
0.402988,0.7025
0.403107,0.70275
0.403316,0.703
0.403452,0.70325
0.403653,0.7035
0.403773,0.70375
0.404024,0.704
0.404452,0.70425
0.404644,0.7045
0.405173,0.70475
0.40519,0.705
0.405382,0.70525
0.405694,0.7055
0.405897,0.70575
0.406339,0.706
0.406723,0.70625
0.406849,0.7065
0.407196,0.70675
0.40732,0.707
0.407697,0.70725
0.407958,0.7075
0.408181,0.70775
0.408279,0.708
0.408804,0.70825
0.409061,0.7085
0.409102,0.70875
0.40945,0.709
0.409686,0.70925
0.409744,0.7095
0.410088,0.70975
0.410275,0.71
0.410525,0.71025
0.41062,0.7105
0.410864,0.71075
0.411151,0.711
0.411383,0.71125
0.411487,0.7115
0.411693,0.71175
0.411908,0.712
0.411927,0.71225
0.412173,0.7125
0.412778,0.71275
0.413083,0.713
0.413229,0.71325
0.41353,0.7135
0.413652,0.71375
0.41407,0.714
0.414141,0.71425
0.414513,0.7145
0.414656,0.71475
0.41501,0.715
0.415234,0.71525
0.415429,0.7155
0.415472,0.71575
0.415674,0.716
0.415769,0.71625
0.415898,0.7165
0.416248,0.71675
0.416524,0.717
0.416771,0.71725
0.416942,0.7175
0.417197,0.71775
0.417501,0.718
0.417769,0.71825
0.417952,0.7185
0.418009,0.71875
0.418472,0.719
0.418723,0.71925
0.418906,0.7195
0.419152,0.71975
0.419227,0.72
0.419551,0.72025
0.419802,0.7205
0.420056,0.72075
0.420382,0.721
0.420601,0.72125
0.420653,0.7215
0.420908,0.72175
0.421169,0.722
0.421278,0.72225
0.421657,0.7225
0.421999,0.72275
0.422491,0.723
0.422833,0.72325
0.423047,0.7235
0.423233,0.72375
0.423594,0.724
0.423635,0.72425
0.423885,0.7245
0.424163,0.72475
0.424547,0.725
0.424763,0.72525
0.425129,0.7255
0.425147,0.72575
0.42552,0.726
0.425642,0.72625
0.42601,0.7265
0.426236,0.72675
0.426625,0.727
0.42684,0.72725
0.42692,0.7275
0.427087,0.72775
0.427127,0.728
0.427486,0.72825
0.427686,0.7285
0.428294,0.72875
0.428418,0.729
0.428603,0.72925
0.428958,0.7295
0.429169,0.72975
0.429375,0.73
0.429743,0.73025
0.429881,0.7305
0.430159,0.73075
0.430825,0.731
0.431234,0.73125
0.431387,0.7315
0.431612,0.73175
0.431954,0.732
0.432569,0.73225
0.432817,0.7325
0.433032,0.73275
0.433388,0.733
0.43371,0.73325
0.433916,0.7335
0.434099,0.73375
0.434212,0.734
0.434658,0.73425
0.434771,0.7345
0.435267,0.73475
0.435339,0.735
0.435841,0.73525
0.436031,0.7355
0.436395,0.73575
0.436447,0.736
0.436846,0.73625
0.436937,0.7365
0.437365,0.73675
0.437596,0.737
0.437977,0.73725
0.438531,0.7375
0.438648,0.73775
0.438898,0.738
0.439232,0.73825
0.439392,0.7385
0.439636,0.73875
0.439901,0.739
0.439963,0.73925
0.44008,0.7395
0.4401,0.73975
0.440373,0.74
0.440659,0.74025
0.440733,0.7405
0.440893,0.74075
0.441156,0.741
0.441324,0.74125
0.441539,0.7415
0.441625,0.74175
0.441942,0.742
0.442191,0.74225
0.442452,0.7425
0.442666,0.74275
0.442832,0.743
0.443152,0.74325
0.443459,0.7435
0.443835,0.74375
0.444099,0.744
0.444248,0.74425
0.444545,0.7445
0.444873,0.74475
0.445009,0.745
0.445346,0.74525
0.445787,0.7455
0.446155,0.74575
0.44622,0.746
0.446614,0.74625
0.44691,0.7465
0.447155,0.74675
0.447586,0.747
0.44789,0.74725
0.448011,0.7475
0.448336,0.74775
0.448432,0.748
0.448649,0.74825
0.44908,0.7485
0.449165,0.74875
0.449814,0.749
0.450048,0.74925
0.450288,0.7495
0.450529,0.74975
0.450734,0.75
0.451222,0.75025
0.451716,0.7505
0.452229,0.75075
0.452379,0.751
0.452961,0.75125
0.453083,0.7515
0.45348,0.75175
0.453776,0.752
0.453914,0.75225
0.454454,0.7525
0.45462,0.75275
0.455073,0.753
0.455336,0.75325
0.455794,0.7535
0.45612,0.75375
0.456578,0.754
0.457039,0.75425
0.457255,0.7545
0.457615,0.75475
0.457793,0.755
0.45835,0.75525
0.458626,0.7555
0.458758,0.75575
0.459302,0.756
0.46052,0.75625
0.460893,0.7565
0.461108,0.75675
0.462426,0.757
0.462705,0.75725
0.462978,0.7575
0.463967,0.75775
0.4641,0.758
0.464761,0.75825
0.46488,0.7585
0.465292,0.75875
0.465685,0.759
0.466253,0.75925
0.466462,0.7595
0.466736,0.75975
0.467255,0.76
0.468274,0.76025
0.468993,0.7605
0.469759,0.76075
0.47046,0.761
0.470726,0.76125
0.471027,0.7615
0.471121,0.76175
0.471429,0.762
0.472073,0.76225
0.472293,0.7625
0.472836,0.76275
0.472919,0.763
0.473248,0.76325
0.473828,0.7635
0.474072,0.76375
0.474163,0.764
0.474726,0.76425
0.475245,0.7645
0.475733,0.76475
0.476064,0.765
0.476124,0.76525
0.476464,0.7655
0.476996,0.76575
0.477248,0.766
0.477902,0.76625
0.478361,0.7665
0.478776,0.76675
0.478784,0.767
0.479259,0.76725
0.479683,0.7675
0.479959,0.76775
0.480128,0.768
0.480486,0.76825
0.480592,0.7685
0.481413,0.76875
0.481583,0.769
0.482108,0.76925
0.482784,0.7695
0.483152,0.76975
0.484005,0.77
0.484402,0.77025
0.484465,0.7705
0.485167,0.77075
0.485771,0.771
0.486036,0.77125
0.486671,0.7715
0.487062,0.77175
0.487801,0.772
0.488075,0.77225
0.488892,0.7725
0.489443,0.77275
0.489665,0.773
0.490168,0.77325
0.490647,0.7735
0.492143,0.77375
0.492711,0.774
0.493904,0.77425
0.494597,0.7745
0.494941,0.77475
0.495904,0.775
0.496495,0.77525
0.497061,0.7755
0.498176,0.77575
0.49848,0.776
0.500063,0.77625
0.500138,0.7765
0.501752,0.77675
0.502532,0.777
0.503295,0.77725
0.503745,0.7775
0.504861,0.77775
0.5052,0.778
0.505569,0.77825
0.50584,0.7785
0.507225,0.77875
0.507749,0.779
0.508094,0.77925
0.508398,0.7795
0.5088,0.77975
0.509315,0.78
0.509766,0.78025
0.511429,0.7805
0.512216,0.78075
0.512394,0.781
0.513201,0.78125
0.513838,0.7815
0.514881,0.78175
0.515586,0.782
0.515782,0.78225
0.516236,0.7825
0.51659,0.78275
0.517147,0.783
0.51731,0.78325
0.51782,0.7835
0.518598,0.78375
0.518708,0.784
0.519121,0.78425
0.519485,0.7845
0.519867,0.78475
0.520694,0.785
0.520968,0.78525
0.521724,0.7855
0.52216,0.78575
0.522551,0.786
0.522746,0.78625
0.523296,0.7865
0.523564,0.78675
0.52439,0.787
0.524763,0.78725
0.525038,0.7875
0.525234,0.78775
0.525542,0.788
0.526417,0.78825
0.526976,0.7885
0.527287,0.78875
0.52759,0.789
0.528201,0.78925
0.529005,0.7895
0.529295,0.78975
0.529587,0.79
0.530442,0.79025
0.530478,0.7905
0.531283,0.79075
0.53145,0.791
0.531795,0.79125
0.53204,0.7915
0.532251,0.79175
0.53276,0.792
0.533512,0.79225
0.534395,0.7925
0.53564,0.79275
0.536124,0.793
0.537006,0.79325
0.538416,0.7935
0.538718,0.79375
0.538996,0.794
0.540445,0.79425
0.541533,0.7945
0.54197,0.79475
0.543564,0.795
0.543977,0.79525
0.544764,0.7955
0.545591,0.79575
0.546124,0.796
0.547411,0.79625
0.547998,0.7965
0.548634,0.79675
0.548923,0.797
0.549278,0.79725
0.549835,0.7975
0.550216,0.79775
0.550518,0.798
0.551123,0.79825
0.55215,0.7985
0.552554,0.79875
0.552893,0.799
0.553399,0.79925
0.553562,0.7995
0.554076,0.79975
0.55498,0.8
0.555277,0.80025
0.555714,0.8005
0.556255,0.80075
0.556891,0.801
0.557866,0.80125
0.558636,0.8015
0.55897,0.80175
0.559612,0.802
0.559894,0.80225
0.560209,0.8025
0.56062,0.80275
0.56139,0.803
0.561847,0.80325
0.5622,0.8035
0.562407,0.80375
0.563498,0.804
0.564452,0.80425
0.564917,0.8045
0.565364,0.80475
0.565619,0.805
0.565867,0.80525
0.566142,0.8055
0.566521,0.80575
0.566778,0.806
0.567614,0.80625
0.567718,0.8065
0.568163,0.80675
0.568374,0.807
0.568854,0.80725
0.569106,0.8075
0.569192,0.80775
0.569457,0.808
0.569761,0.80825
0.570348,0.8085
0.570568,0.80875
0.571301,0.809
0.571555,0.80925
0.571756,0.8095
0.572004,0.80975
0.572386,0.81
0.57269,0.81025
0.573276,0.8105
0.573593,0.81075
0.574355,0.811
0.57456,0.81125
0.574965,0.8115
0.575125,0.81175
0.575337,0.812
0.575622,0.81225
0.575874,0.8125
0.576263,0.81275
0.576517,0.813
0.576832,0.81325
0.577395,0.8135
0.577926,0.81375
0.578067,0.814
0.578319,0.81425
0.578864,0.8145
0.579059,0.81475
0.579479,0.815
0.57981,0.81525
0.580148,0.8155
0.580403,0.81575
0.58055,0.816
0.5808,0.81625
0.580997,0.8165
0.581359,0.81675
0.581471,0.817
0.581564,0.81725
0.581843,0.8175
0.582098,0.81775
0.582568,0.818
0.582703,0.81825
0.583154,0.8185
0.583553,0.81875
0.583699,0.819
0.58418,0.81925
0.584253,0.8195
0.584566,0.81975
0.584976,0.82
0.585077,0.82025
0.585443,0.8205
0.585589,0.82075
0.585999,0.821
0.586157,0.82125
0.586527,0.8215
0.586741,0.82175
0.586899,0.822
0.587119,0.82225
0.587372,0.8225
0.587717,0.82275
0.587956,0.823
0.588083,0.82325
0.588488,0.8235
0.588575,0.82375
0.588952,0.824
0.589111,0.82425
0.589605,0.8245
0.589887,0.82475
0.59013,0.825
0.590677,0.82525
0.59071,0.8255
0.591148,0.82575
0.591256,0.826
0.59216,0.82625
0.592218,0.8265
0.592453,0.82675
0.59278,0.827
0.593377,0.82725
0.593467,0.8275
0.593943,0.82775
0.59419,0.828
0.594578,0.82825
0.594971,0.8285
0.595226,0.82875
0.59573,0.829
0.596314,0.82925
0.596412,0.8295
0.596788,0.82975
0.597033,0.83
0.59747,0.83025
0.597926,0.8305
0.598338,0.83075
0.598954,0.831
0.599204,0.83125
0.600148,0.8315
0.600309,0.83175
0.600638,0.832
0.600915,0.83225
0.601703,0.8325
0.601837,0.83275
0.602333,0.833
0.602706,0.83325
0.603242,0.8335
0.603473,0.83375
0.603916,0.834
0.604036,0.83425
0.604745,0.8345
0.605021,0.83475
0.605563,0.835
0.60574,0.83525
0.606266,0.8355
0.606602,0.83575
0.606744,0.836
0.607742,0.83625
0.607873,0.8365
0.608245,0.83675
0.608535,0.837
0.609263,0.83725
0.60974,0.8375
0.609967,0.83775
0.610349,0.838
0.610735,0.83825
0.61102,0.8385
0.611306,0.83875
0.611744,0.839
0.611914,0.83925
0.612338,0.8395
0.612728,0.83975
0.612841,0.84
0.613497,0.84025
0.613792,0.8405
0.61418,0.84075
0.614364,0.841
0.614554,0.84125
0.615107,0.8415
0.615311,0.84175
0.615682,0.842
0.615893,0.84225
0.616554,0.8425
0.617085,0.84275
0.617385,0.843
0.61781,0.84325
0.618141,0.8435
0.618603,0.84375
0.618672,0.844
0.619147,0.84425
0.619493,0.8445
0.619845,0.84475
0.620277,0.845
0.621521,0.84525
0.621657,0.8455
0.622304,0.84575
0.622742,0.846
0.623293,0.84625
0.623519,0.8465
0.623531,0.84675
0.623933,0.847
0.624303,0.84725
0.624623,0.8475
0.625158,0.84775
0.625854,0.848
0.626031,0.84825
0.626451,0.8485
0.626591,0.84875
0.626882,0.849
0.628202,0.84925
0.628645,0.8495
0.629029,0.84975
0.630856,0.85
0.631584,0.85025
0.632304,0.8505
0.632363,0.85075
0.634294,0.851
0.634339,0.85125
0.635552,0.8515
0.638429,0.85175
0.639369,0.852
0.640442,0.85225
0.6414,0.8525
0.641838,0.85275
0.643079,0.853
0.644028,0.85325
0.64458,0.8535
0.644851,0.85375
0.64549,0.854
0.646267,0.85425
0.646801,0.8545
0.647453,0.85475
0.647791,0.855
0.648118,0.85525
0.649023,0.8555
0.649441,0.85575
0.650223,0.856
0.651312,0.85625
0.652988,0.8565
0.653735,0.85675
0.653956,0.857
0.654596,0.85725
0.65536,0.8575
0.655595,0.85775
0.657167,0.858
0.657675,0.85825
0.658583,0.8585
0.660734,0.85875
0.663646,0.859
0.663747,0.85925
0.664217,0.8595
0.665124,0.85975
0.666002,0.86
0.666872,0.86025
0.667866,0.8605
0.670933,0.86075
0.671973,0.861
0.6751,0.86125
0.676014,0.8615
0.677106,0.86175
0.678023,0.862
0.678333,0.86225
0.679076,0.8625
0.679975,0.86275
0.68017,0.863
0.68114,0.86325
0.681379,0.8635
0.681795,0.86375
0.682105,0.864
0.683086,0.86425
0.683429,0.8645
0.686011,0.86475
0.686391,0.865
0.687344,0.86525
0.690109,0.8655
0.690183,0.86575
0.690875,0.866
0.691238,0.86625
0.691968,0.8665
0.692163,0.86675
0.693006,0.867
0.69386,0.86725
0.694208,0.8675
0.694531,0.86775
0.69472,0.868
0.695342,0.86825
0.696122,0.8685
0.696351,0.86875
0.696883,0.869
0.697584,0.86925
0.698314,0.8695
0.698532,0.86975
0.699168,0.87
0.699915,0.87025
0.700102,0.8705
0.701176,0.87075
0.701582,0.871
0.701889,0.87125
0.702667,0.8715
0.703267,0.87175
0.703468,0.872
0.704094,0.87225
0.704483,0.8725
0.705065,0.87275
0.705461,0.873
0.705636,0.87325
0.706186,0.8735
0.706648,0.87375
0.706821,0.874
0.707265,0.87425
0.707425,0.8745
0.70793,0.87475
0.708161,0.875
0.708409,0.87525
0.709168,0.8755
0.709478,0.87575
0.710714,0.876
0.710977,0.87625
0.711462,0.8765
0.711759,0.87675
0.71216,0.877
0.712351,0.87725
0.712474,0.8775
0.713151,0.87775
0.713722,0.878
0.714293,0.87825
0.715002,0.8785
0.715264,0.87875
0.715482,0.879
0.715825,0.87925
0.716723,0.8795
0.716932,0.87975
0.717297,0.88
0.718162,0.88025
0.718704,0.8805
0.718977,0.88075
0.719107,0.881
0.719845,0.88125
0.720441,0.8815
0.721436,0.88175
0.722349,0.882
0.723212,0.88225
0.723862,0.8825
0.724053,0.88275
0.725531,0.883
0.725718,0.88325
0.726652,0.8835
0.727242,0.88375
0.72749,0.884
0.72781,0.88425
0.727948,0.8845
0.728642,0.88475
0.72945,0.885
0.72972,0.88525
0.729921,0.8855
0.730513,0.88575
0.732983,0.886
0.73342,0.88625
0.733869,0.8865
0.734169,0.88675
0.734399,0.887
0.737093,0.88725
0.738049,0.8875
0.7387,0.88775
0.739347,0.888
0.739475,0.88825
0.73963,0.8885
0.740068,0.88875
0.740872,0.889
0.741115,0.88925
0.741529,0.8895
0.741682,0.88975
0.742493,0.89
0.742939,0.89025
0.743765,0.8905
0.744181,0.89075
0.745154,0.891
0.745296,0.89125
0.745734,0.8915
0.74619,0.89175
0.748503,0.892
0.749132,0.89225
0.749727,0.8925
0.749942,0.89275
0.750363,0.893
0.752527,0.89325
0.752783,0.8935
0.753214,0.89375
0.753516,0.894
0.753796,0.89425
0.753872,0.8945
0.75448,0.89475
0.75469,0.895
0.755015,0.89525
0.755236,0.8955
0.755327,0.89575
0.755536,0.896
0.75588,0.89625
0.756094,0.8965
0.756362,0.89675
0.756707,0.897
0.756852,0.89725
0.757442,0.8975
0.75756,0.89775
0.757906,0.898
0.758164,0.89825
0.758235,0.8985
0.75849,0.89875
0.758782,0.899
0.759063,0.89925
0.759356,0.8995
0.759644,0.89975
0.759978,0.9
0.760366,0.90025
0.760579,0.9005
0.761134,0.90075
0.761385,0.901
0.761468,0.90125
0.762108,0.9015
0.762235,0.90175
0.762791,0.902
0.762893,0.90225
0.763195,0.9025
0.763599,0.90275
0.76367,0.903
0.764083,0.90325
0.764132,0.9035
0.764504,0.90375
0.765001,0.904
0.765129,0.90425
0.765356,0.9045
0.765614,0.90475
0.765881,0.905
0.765976,0.90525
0.766305,0.9055
0.767198,0.90575
0.767501,0.906
0.767929,0.90625
0.768532,0.9065
0.768774,0.90675
0.768995,0.907
0.769045,0.90725
0.769361,0.9075
0.769601,0.90775
0.770077,0.908
0.770683,0.90825
0.770777,0.9085
0.771177,0.90875
0.771231,0.909
0.771612,0.90925
0.77184,0.9095
0.772363,0.90975
0.77248,0.91
0.773191,0.91025
0.773471,0.9105
0.773728,0.91075
0.774038,0.911
0.774289,0.91125
0.774581,0.9115
0.774882,0.91175
0.775182,0.912
0.775414,0.91225
0.77585,0.9125
0.776259,0.91275
0.776521,0.913
0.777065,0.91325
0.777317,0.9135
0.77749,0.91375
0.778192,0.914
0.778501,0.91425
0.778672,0.9145
0.779068,0.91475
0.779571,0.915
0.78008,0.91525
0.780499,0.9155
0.780831,0.91575
0.781283,0.916
0.78157,0.91625
0.782223,0.9165
0.782281,0.91675
0.782968,0.917
0.783618,0.91725
0.783965,0.9175
0.784235,0.91775
0.784647,0.918
0.784821,0.91825
0.785142,0.9185
0.785403,0.91875
0.785867,0.919
0.786368,0.91925
0.78715,0.9195
0.787442,0.91975
0.787697,0.92
0.78794,0.92025
0.788194,0.9205
0.788267,0.92075
0.789005,0.921
0.789122,0.92125
0.789952,0.9215
0.790526,0.92175
0.790661,0.922
0.79123,0.92225
0.791403,0.9225
0.791849,0.92275
0.792144,0.923
0.792305,0.92325
0.792797,0.9235
0.79313,0.92375
0.793417,0.924
0.793916,0.92425
0.794208,0.9245
0.795036,0.92475
0.795497,0.925
0.795917,0.92525
0.796137,0.9255
0.796837,0.92575
0.797084,0.926
0.797565,0.92625
0.798181,0.9265
0.798726,0.92675
0.798974,0.927
0.799538,0.92725
0.799847,0.9275
0.800235,0.92775
0.800754,0.928
0.80136,0.92825
0.801693,0.9285
0.802097,0.92875
0.802562,0.929
0.802994,0.92925
0.803125,0.9295
0.80357,0.92975
0.803917,0.93
0.804215,0.93025
0.804485,0.9305
0.805215,0.93075
0.805985,0.931
0.806327,0.93125
0.80687,0.9315
0.807056,0.93175
0.807334,0.932
0.8076,0.93225
0.808402,0.9325
0.809022,0.93275
0.809242,0.933
0.809695,0.93325
0.810019,0.9335
0.81017,0.93375
0.811023,0.934
0.811177,0.93425
0.811911,0.9345
0.812309,0.93475
0.812808,0.935
0.81314,0.93525
0.813565,0.9355
0.813973,0.93575
0.814505,0.936
0.815238,0.93625
0.815355,0.9365
0.815886,0.93675
0.81639,0.937
0.816964,0.93725
0.817065,0.9375
0.817353,0.93775
0.817585,0.938
0.818062,0.93825
0.818599,0.9385
0.818739,0.93875
0.819021,0.939
0.819279,0.93925
0.819832,0.9395
0.820505,0.93975
0.821486,0.94
0.822046,0.94025
0.822824,0.9405
0.823179,0.94075
0.823581,0.941
0.824161,0.94125
0.824403,0.9415
0.824996,0.94175
0.825258,0.942
0.825816,0.94225
0.826113,0.9425
0.827132,0.94275
0.827363,0.943
0.828241,0.94325
0.828441,0.9435
0.829176,0.94375
0.829392,0.944
0.830564,0.94425
0.830868,0.9445
0.831843,0.94475
0.832173,0.945
0.832685,0.94525
0.832995,0.9455
0.833589,0.94575
0.834058,0.946
0.835077,0.94625
0.836661,0.9465
0.837079,0.94675
0.837303,0.947
0.839267,0.94725
0.839646,0.9475
0.840182,0.94775
0.841299,0.948
0.841972,0.94825
0.842187,0.9485
0.843086,0.94875
0.843274,0.949
0.845235,0.94925
0.846485,0.9495
0.847185,0.94975
0.84762,0.95
0.847974,0.95025
0.848955,0.9505
0.849467,0.95075
0.849777,0.951
0.850239,0.95125
0.850872,0.9515
0.851279,0.95175
0.851326,0.952
0.852208,0.95225
0.853036,0.9525
0.853489,0.95275
0.854453,0.953
0.855344,0.95325
0.856508,0.9535
0.856822,0.95375
0.857162,0.954
0.857448,0.95425
0.858372,0.9545
0.859257,0.95475
0.859981,0.955
0.860333,0.95525
0.861122,0.9555
0.862273,0.95575
0.863598,0.956
0.864312,0.95625
0.86467,0.9565
0.865212,0.95675
0.866056,0.957
0.866649,0.95725
0.866922,0.9575
0.868556,0.95775
0.87024,0.958
0.871683,0.95825
0.872185,0.9585
0.872354,0.95875
0.872833,0.959
0.873326,0.95925
0.874617,0.9595
0.876745,0.95975
0.878191,0.96
0.878305,0.96025
0.879044,0.9605
0.879501,0.96075
0.879887,0.961
0.880022,0.96125
0.88062,0.9615
0.880965,0.96175
0.881544,0.962
0.882107,0.96225
0.882238,0.9625
0.883023,0.96275
0.883322,0.963
0.883713,0.96325
0.88426,0.9635
0.884435,0.96375
0.88506,0.964
0.88582,0.96425
0.886733,0.9645
0.88762,0.96475
0.88812,0.965
0.888384,0.96525
0.888589,0.9655
0.889319,0.96575
0.889938,0.966
0.889995,0.96625
0.890763,0.9665
0.891189,0.96675
0.891569,0.967
0.892761,0.96725
0.892937,0.9675
0.893398,0.96775
0.893503,0.968
0.894046,0.96825
0.894814,0.9685
0.894884,0.96875
0.895616,0.969
0.896477,0.96925
0.896628,0.9695
0.89724,0.96975
0.897935,0.97
0.898418,0.97025
0.899658,0.9705
0.899848,0.97075
0.900523,0.971
0.900925,0.97125
0.901346,0.9715
0.901588,0.97175
0.902134,0.972
0.902976,0.97225
0.903822,0.9725
0.90432,0.97275
0.90463,0.973
0.905396,0.97325
0.906499,0.9735
0.906834,0.97375
0.907415,0.974
0.907857,0.97425
0.908652,0.9745
0.909278,0.97475
0.910017,0.975
0.910172,0.97525
0.910956,0.9755
0.911221,0.97575
0.91194,0.976
0.912199,0.97625
0.912821,0.9765
0.913077,0.97675
0.913802,0.977
0.914033,0.97725
0.914895,0.9775
0.915174,0.97775
0.916128,0.978
0.917481,0.97825
0.917885,0.9785
0.918041,0.97875
0.918349,0.979
0.918867,0.97925
0.921105,0.9795
0.921749,0.97975
0.921944,0.98
0.922545,0.98025
0.92554,0.9805
0.925766,0.98075
0.926181,0.981
0.926464,0.98125
0.927256,0.9815
0.927545,0.98175
0.928485,0.982
0.929171,0.98225
0.929387,0.9825
0.93008,0.98275
0.931249,0.983
0.931751,0.98325
0.932067,0.9835
0.932989,0.98375
0.933225,0.984
0.933567,0.98425
0.933955,0.9845
0.934493,0.98475
0.937208,0.985
0.937545,0.98525
0.938183,0.9855
0.941003,0.98575
0.941673,0.986
0.942612,0.98625
0.943363,0.9865
0.943442,0.98675
0.944198,0.987
0.944529,0.98725
0.945271,0.9875
0.945339,0.98775
0.945783,0.988
0.947557,0.98825
0.947828,0.9885
0.949154,0.98875
0.95001,0.989
0.950402,0.98925
0.951595,0.9895
0.951868,0.98975
0.952587,0.99
0.95395,0.99025
0.954438,0.9905
0.955123,0.99075
0.955966,0.991
0.957025,0.99125
0.957541,0.9915
0.957817,0.99175
0.958701,0.992
0.959739,0.99225
0.960929,0.9925
0.962927,0.99275
0.964715,0.993
0.965822,0.99325
0.966745,0.9935
0.967821,0.99375
0.967962,0.994
0.970174,0.99425
0.97202,0.9945
0.973463,0.99475
0.974141,0.995
0.975416,0.99525
0.975846,0.9955
0.977513,0.99575
0.977843,0.996
0.977976,0.99625
0.979425,0.9965
0.979636,0.99675
0.980307,0.997
0.980741,0.99725
0.981317,0.9975
0.98389,0.99775
0.984218,0.998
0.985391,0.99825
0.988957,0.9985
0.989904,0.99875
0.992139,0.999
0.993922,0.99925
0.995505,0.9995
0.996877,0.99975
1,1
