0.41248366,0.19547686295300476,0
0.30517918,0.00013462655771049594,1
0.4258338,1.4354702281314942e-10,2
0.13288006,0.052546047281046206,3
0.21836933,0.00018124027806970037,4
0.6506287,2.0510995333148508e-12,5
0.62125325,7.118952198007463e-05,6
0.3598127,1.0088552458655782e-05,7
0.8842428,8.238312324706726e-05,8
0.6191342,2.7411400072976477e-06,9
0.57911456,9.521692294871403e-05,10
0.84538454,0.0017928900091707897,11
0.3486191,0.012781435706136459,12
0.4525606,0.0046927558901459394,13
0.27899405,0.012898517376214847,14
0.44366735,3.7248502271976905e-05,15
0.7722106,0.05573662768999398,16
0.7152159,0.0003559348625920807,17
0.7069706,0.014587401539348734,18
0.54871505,4.716418350271113e-05,19
0.56517553,0.5420178511792743,20
0.41242215,0.0031811489987004344,21
0.42301512,0.026331497035351842,22
0.8395529,8.31785042986547e-16,23
0.23696372,2.891774286896888e-11,24
0.42392948,0.00028222875791442673,25
0.35513705,1.8762126503116458e-05,26
0.7508322,0.0014615647198356469,27
0.37650028,0.0003420094842441046,28
0.44043666,0.020039159344209464,29
0.45905355,6.84561668164337e-05,30
0.5562111,1.7565972195833768e-06,31
0.118534714,0.018176831629314456,32
0.36662948,7.79700304685601e-07,33
0.45140874,2.040061323021447e-09,34
0.3961117,0.013228174015560104,35
0.42559317,2.462951046273756e-06,36
0.73656756,0.03293342727781001,37
0.5893315,0.007863606521138341,38
0.24312523,0.0005328805542975008,39
0.7791053,0.0002011319399231646,40
0.470753,0.12859669967024254,41
0.4129706,2.4395142499693512e-05,42
0.9251339,0.07679290716683625,43
0.73567414,0.7741030500692734,44
0.8892388,8.819741107675727e-10,45
0.44581828,0.00012830920347202705,46
0.79906404,0.0008313456482695376,47
0.7439896,8.864564543196336e-07,48
0.82651055,0.0011361962291208598,49
0.5866797,3.4939017070945724e-07,50
0.099218905,0.23529737185944297,51
0.4099835,3.4378560502301854e-05,52
0.14935112,8.131661180204456e-05,53
0.4689938,0.0029558360905266715,54
0.8970716,0.7193935982352245,55
0.25294787,9.973538717349626e-05,56
0.57799864,0.2581031234394465,57
0.3590096,0.004035071214307592,58
0.629467,1.495218996649973e-05,59
0.5490276,0.0007538168750068725,60
0.5948544,0.0917786708651331,61
0.8553419,0.07112921446843515,62
0.4218341,0.0001953628590143817,63
0.68966174,0.6154295373048807,64
0.72959936,0.012772437467373953,65
0.53011316,4.680519235005718e-05,66
0.41477466,1.1411437082534686e-08,67
0.45986414,4.457446526853005e-05,68
0.85053307,0.16353385720689145,69
0.38992733,0.0016696061867633326,70
0.917925,0.0028451717470413212,71
0.371898,2.3423054935349326e-05,72
0.38856757,1.1885957595584213e-13,73
0.3124066,1.0788972863242933e-05,74
0.5949059,0.0031207750224112522,75
0.8296006,0.0011764892628291746,76
0.37206286,0.0004669290631575487,77
0.39372736,0.0052450226454246185,78
0.20133927,4.8791575128511744e-08,79
0.47289073,0.0009367099305049223,80
0.38057148,0.006688181352743627,81
0.72510064,0.39280934271414003,82
0.38712296,0.001088736875482526,83
0.8560002,0.5582564019572429,84
0.44606695,0.0010361096638935286,85
0.5751142,8.684637966501013e-07,86
0.57436115,0.3082566718739894,87
0.5228025,0.10264049716447449,88
0.5147672,0.0397779877273431,89
0.25039533,0.0015004040681608414,90
0.5217296,0.00023297725186634106,91
0.39221534,0.06366305427881382,92
0.583455,0.0058422154795315494,93
0.88893205,0.018925430503413908,94
0.7819886,0.0010529101200207906,95
0.5153277,0.0016305635987839296,96
0.3296423,7.996821212750036e-05,97
0.39422673,0.0038178170628911626,98
0.52566904,0.07646080802822623,99
0.38190746,0.18534564615878038,100
0.8270563,0.0035506014169101145,101
0.25551155,0.008247881997930218,102
0.48008275,0.01130690366122355,103
0.46349746,2.415106136966056e-06,104
0.9111166,0.0009488045358712002,105
0.31809568,4.2307291848969396e-05,106
0.4238709,5.872636872489343e-06,107
0.18269217,0.0015848425780635611,108
0.08957824,9.732118413527963e-06,109
0.095241815,3.7357570981455505e-05,110
0.7231312,0.00020379316741246303,111
0.27419066,0.832599751979796,112
0.6961828,0.0012282872428613315,113
0.88693273,7.74180166360468e-06,114
0.24595651,1.6627272213727256e-08,115
0.40528202,0.05356598270478921,116
0.96750665,0.058569486908472565,117
0.68879926,5.257166218689199e-07,118
0.64149475,2.241542270257885e-08,119
0.8034753,5.505439338952832e-07,120
0.28304198,0.0031296066329752933,121
0.42422348,0.0010530359479362197,122
0.6012955,0.008809458294717614,123
0.29114324,6.614020889369149e-05,124
0.4398132,1.0032419071259036e-05,125
0.90444756,0.3366731377304462,126
0.5557848,0.0010433792846565916,127
0.112810284,0.0020105563843399146,128
0.9273286,0.06644587223752,129
0.481239,0.00814798266626722,130
0.68777156,0.03352871747453253,131
0.36437947,3.972522045182745e-05,132
0.45567402,0.00147199361367075,133
0.35620558,0.054660576898934894,134
0.47135046,0.000513033631795478,135
0.26974368,3.1480543971931495e-05,136
0.12043348,2.923482837629851e-05,137
0.41044226,0.0069827565768497005,138
0.6685984,0.02377287353926953,139
0.6610042,2.7019683067560874e-07,140
0.29236633,2.3216016506693256e-08,141
0.26116127,0.00044986138955738464,142
0.41416,0.0039384988848591585,143
0.049014986,0.07881163852127673,144
0.3008644,8.960135994994376e-05,145
0.7972221,7.774349182739178e-06,146
0.24691987,0.0013802847245490408,147
0.24530712,1.7442924762667713e-06,148
0.5266719,2.2303507382473163e-06,149
0.5501719,8.488901897370832e-07,150
0.1513356,6.190728388200732e-08,151
0.7808305,0.0007238938342914857,152
0.7432214,0.020059865578205393,153
0.9644447,2.409736312906788e-07,154
0.45870745,0.03931522335714342,155
0.30084264,0.3748885324814079,156
0.8017101,2.453198735816849e-13,157
0.38358372,0.0005413399997259034,158
0.89217114,0.5170778841744151,159
0.62600964,0.009171231662719,160
0.6880704,0.00035483291637524486,161
0.84496623,0.004452907976880647,162
0.46758896,0.001767037023022231,163
0.32173604,0.013157610074919926,164
0.788759,0.00010028753578737886,165
0.80827594,0.42057861020458553,166
0.63910407,0.008238839307533103,167
0.4895321,4.2054198504173605e-06,168
0.6960772,8.554868285306047e-06,169
0.51796824,1.257258414946998e-07,170
0.49346697,0.02126033438338764,171
0.5057682,0.001824005956972209,172
0.6594782,1.219076533229036e-06,173
0.9874162,0.0007201020211451048,174
0.60598,0.022668076471317126,175
0.55671173,0.00016369383839205044,176
0.17070118,0.018705432483519177,177
0.79256535,0.03905946183970806,178
0.36984432,0.0031588642267876116,179
0.4070204,9.374337736644368e-07,180
0.3818581,0.01582110559661976,181
0.8343905,8.850240835880985e-05,182
0.94111013,7.795089171406793e-10,183
0.724097,7.0338609499077e-05,184
0.3235697,0.005755933651992618,185
0.4682141,0.0031856303175418167,186
0.21193555,0.07198614335503854,187
0.71434575,7.207555238662076e-05,188
0.7223656,1.6782113140321663e-28,189
0.8473512,0.11073542975843124,190
0.73573655,0.00030288362116073097,191
0.47457024,0.0012965739074133904,192
0.2560538,0.005467556541137683,193
0.13679704,0.00816466936684322,194
0.89180654,0.0058616549591570975,195
0.5377561,0.004221162630240547,196
0.59756756,2.143740584556461e-06,197
0.5271375,1.827620290574531e-11,198
0.46882936,1.0532442400570501e-05,199
0.38695323,3.4354212315439926e-08,200
0.7787087,2.0933907237567594e-05,201
0.4248014,1.2644731205484047e-08,202
0.747466,0.005567091935194336,203
0.7005702,0.1356008780386228,204
0.4666959,0.012933090148702246,205
0.36015403,0.036408030067995166,206
0.35567707,0.03536870067791139,207
0.42329496,3.925288849583577e-12,208
0.6849959,1.9642267657289144e-05,209
0.89691377,5.995500318498268e-06,210
0.574492,0.8933829691930066,211
0.43176162,0.005264117189601812,212
0.83362585,0.011761228958268893,213
0.23706517,0.0027297439245967717,214
0.52902794,0.004431767463174246,215
0.5569618,0.05590010709170915,216
0.62901336,0.020263743851117552,217
0.98681724,0.003913418154375982,218
0.4412591,0.0008615013076564207,219
0.5377339,0.047037882828144764,220
0.2826954,0.33241494812811684,221
0.21426576,0.07759312194258117,222
0.22373378,0.09676572850289843,223
0.110945195,0.0022446745582988467,224
0.91212827,0.0033940425495751687,225
0.5436525,0.03303458442503314,226
0.53803104,0.00046852701403259973,227
0.6353821,1.8142709754689674e-06,228
0.066587865,0.044809871508582844,229
0.5932126,0.0001907773905354185,230
0.27583686,0.7106365647231518,231
0.9769101,8.240175641323629e-08,232
0.817437,8.043850075987973e-05,233
0.34718663,0.004794568985446435,234
0.30913407,0.8280176672653308,235
0.6166477,0.001114285371305919,236
0.48939803,0.01536130613018883,237
0.7528324,0.00033720079341262137,238
0.66323155,0.1333778525875864,239
0.9438151,0.005858273811505785,240
0.34699184,0.08582192853952543,241
0.31495258,0.0335547141504193,242
0.5281325,2.014073765253911e-06,243
0.31455156,0.002245157190436931,244
0.3479156,4.1992663973621825e-05,245
0.3888559,0.013888720057255053,246
0.6075544,0.003538051286427005,247
0.29249907,0.05392189198335892,248
0.20495889,2.064057710721866e-05,249
0.22734961,1.130393717805653e-08,250
0.62645274,4.869158519975376e-07,251
0.6076793,0.00137237533595278,252
0.4118529,9.316564996372769e-06,253
0.5272422,0.0014185905704635984,254
0.47656304,6.594359678487407e-13,255
0.47572708,9.920856898991008e-15,256
0.27046746,0.0129138846619921,257
0.14378932,0.05923307476623062,258
0.57167494,3.605666853511458e-05,259
0.16727203,5.7684044933069864e-05,260
0.24391127,5.3064046561543065e-05,261
0.64588934,0.00041155149107116834,262
0.30142462,2.2562260383260217e-15,263
0.042784303,0.0784534734235461,264
0.5111449,0.0022530550608503702,265
0.80398095,0.0003419417954231712,266
0.42552567,9.725609038995703e-06,267
0.4306538,1.7293360236749447e-07,268
0.51368934,0.0010258430212257154,269
0.8844937,0.07081616715448637,270
0.14977187,0.021634571500265053,271
0.33260185,0.012822553750133293,272
0.9835166,0.0017861073881272496,273
0.15902492,0.006275358831043446,274
0.5526237,1.1519284865599906e-09,275
0.8632395,0.01443625281569141,276
0.5660286,0.08680626932017989,277
0.34525982,0.015920041324255986,278
0.5530232,4.692714332282282e-07,279
0.7163086,8.124604180126009e-05,280
0.8546391,2.4032046703771536e-05,281
0.64252645,0.0013563236041866942,282
0.102705926,0.0014946602737655906,283
0.23537084,2.1660577308320326e-05,284
0.52387357,0.007641202911411879,285
0.79155576,0.10270857884918165,286
0.4684282,3.908464027750618e-05,287
0.36106956,6.898326882069838e-05,288
0.77943236,9.539075260671957e-06,289
0.6836356,0.0002098387273394291,290
0.39095247,3.0586369913305416e-08,291
0.10836062,0.003839650706024098,292
0.61965317,0.00038091870292094937,293
0.9179111,7.935268060252203e-11,294
0.31673723,2.221913853376393e-09,295
0.4141891,0.00015639570818135387,296
0.63571817,3.6232623752698753e-07,297
0.2881412,0.10900986410293272,298
0.73126155,0.002255044557069381,299
0.21360877,0.06474999105054709,300
0.76661974,0.004983256310759298,301
0.6456269,0.04657034944716051,302
0.1917926,0.002520864464988964,303
0.2029343,3.8598068332631335e-09,304
0.57307863,4.5317983111890144e-14,305
0.57323664,0.02285840857215534,306
0.30500412,1.0488292279961894e-12,307
0.42193887,0.057214660051899104,308
0.27919483,0.13448684789457543,309
0.41940212,1.1084024489245907e-06,310
0.43606088,0.0026454332731822325,311
0.32969576,1.1300273519726166e-05,312
0.33947158,0.0067132177249103215,313
0.120292515,0.6331128314304656,314
0.51048124,4.4592442876015933e-10,315
0.0021231174,1.1172707865512672e-06,316
0.48152345,0.04139856137998563,317
0.5493712,0.10705853673273401,318
0.52418363,0.10145311503972447,319
0.65628636,5.43240984657947e-07,320
0.53140587,0.14545182652155442,321
0.51258063,4.5043129000302135e-05,322
0.7796649,0.048977350878735545,323
0.2135292,0.009261466299086528,324
0.72211754,0.008596693957980918,325
0.5303113,0.00022451032611672556,326
0.36008918,0.05290080315177755,327
0.5445482,1.1946325162245352e-11,328
0.74352276,9.626312543748569e-05,329
0.7157041,0.031072642232715705,330
0.6963564,0.006688418144599048,331
0.4384827,0.00023305707496222255,332
0.19914606,3.5574438477151366e-05,333
0.8104583,0.06174351432303443,334
0.34296113,0.14480206526187034,335
0.7025243,0.0023289927395576337,336
0.6349486,0.11077549222600948,337
0.55576324,0.04893663226068357,338
0.55206335,7.105675903563315e-15,339
0.6726063,0.012406111005943873,340
0.68875355,0.04020898122150932,341
0.5567732,0.004995761986217797,342
0.0760355,0.00016175978487360186,343
0.672643,7.343135771971656e-06,344
0.6474857,7.218221255872922e-07,345
0.54064006,0.306810895955001,346
0.6194614,1.2896330446660364e-09,347
0.68253875,5.3470551292082814e-05,348
0.3154934,3.9408955612525566e-05,349
0.194453,0.00014098316245435296,350
0.68346,6.2969295423834845e-06,351
0.3751474,0.0008599115132554914,352
0.6337366,4.87614577567721e-05,353
0.55532503,0.07339938024752878,354
0.6243086,0.0906054532710264,355
0.4386922,7.946954144420595e-07,356
0.29748362,0.0008873409621730591,357
0.9233886,0.014868499418888228,358
0.728648,1.8517909765742012e-07,359
0.09500593,1.6549835619020602e-10,360
0.706041,0.02521977203387876,361
0.4934522,0.0009519023942481882,362
0.121682316,0.00605380795028813,363
0.2437428,0.36662781243275805,364
0.51984394,0.011043341815299203,365
0.46188322,0.0004259689482383229,366
0.45012417,2.431574783419725e-13,367
0.4991671,0.0002710787181093817,368
0.26117414,0.0013854512315402496,369
0.07997829,0.000894275569671069,370
0.6080833,0.003151511806181576,371
0.1783601,0.24747230437696568,372
0.70039254,0.2026310148897472,373
0.22402415,1.3860711731276535e-06,374
0.38795236,0.0139182544099154,375
0.66062474,1.1230152082213397e-05,376
0.3884009,9.198339052625696e-06,377
0.5254982,0.0007975123451646919,378
0.86062306,0.0003098189940846561,379
0.38753492,3.30955826949141e-05,380
0.77028215,0.06415368223403037,381
0.62320745,5.3625185654688253e-05,382
0.75634533,0.07145592689285753,383
0.6502279,0.000814827796849648,384
0.8003909,3.156853398153413e-05,385
0.25729948,8.626391500894098e-05,386
0.89889216,0.013664211453391115,387
0.9489578,0.0004363000972880373,388
0.67588603,0.07268021081946899,389
0.57684857,0.7981844404642735,390
0.29617664,9.346903140407322e-07,391
0.68703574,0.009443044546392703,392
0.5282129,0.0014101143603047401,393
0.9589349,0.03889331521570431,394
0.78556085,2.2024099971971226e-07,395
0.37109795,0.00027915607747191747,396
0.66598916,1.1249552450670702e-05,397
0.4232952,3.234377931373399e-05,398
0.59547013,0.0001650773914808771,399
0.88823617,0.46527975973226027,400
0.61651886,0.0002109319044649002,401
0.5588245,5.541713067283093e-11,402
0.5859897,8.639783805139683e-05,403
0.49814436,0.0008573433057720275,404
0.4510252,2.269815368236443e-05,405
0.77795386,3.2500259185955662e-09,406
0.47396654,0.0832006524025598,407
0.63601375,0.004547320025496457,408
0.3817669,0.04323378651468766,409
0.6346048,0.00016005150372099398,410
0.2670774,0.05160345544881359,411
0.8202026,0.000962906949361671,412
0.7121425,0.06970648640199208,413
0.63866675,0.00013312029132472677,414
0.54186785,0.03000039033544562,415
0.0656099,0.32832164808022085,416
0.6193206,0.10458643438994245,417
0.22132283,0.0011868602167015717,418
0.7175459,0.0017931233344573015,419
0.6277498,7.665845203879404e-08,420
0.4238513,0.00021656538295727442,421
0.2903909,0.3026698721386939,422
0.876346,1.0111246052558117e-06,423
0.14171773,0.1317182486144284,424
0.4509349,5.455125933006154e-13,425
0.5798274,2.5324221639823316e-05,426
0.8367535,4.689167954579176e-05,427
0.32155567,0.00956719847536836,428
0.3435947,0.03220420782100686,429
0.554409,0.06293054903478776,430
0.10735455,0.004867295122143698,431
0.39435256,0.0011176103934372856,432
0.38886362,0.0019294147974132146,433
0.90856135,7.179049999131883e-05,434
0.5934936,0.12663115799528019,435
0.29796398,1.6188605885618205e-05,436
0.77878726,1.598002545254013e-05,437
0.5933075,0.016521549954740065,438
0.68852216,0.045022081476768734,439
0.25022918,0.034782186655267625,440
0.68623424,0.004585394527346804,441
0.6907582,0.0001536173363295559,442
0.595406,1.0534571111490048e-26,443
0.29611683,0.029088465670272054,444
0.53757596,0.07370591830699448,445
0.54071075,0.00044661722265061096,446
0.8214027,4.387564872664973e-08,447
0.23743737,4.139916599344004e-09,448
0.40856102,0.0007009811689150496,449
0.6086184,0.0025373833605879604,450
0.41759425,6.788584237766696e-06,451
0.41977805,5.044238022934396e-05,452
0.5438747,0.07351682837230827,453
0.6547049,0.003654339430963702,454
0.76291394,0.0017132164848767226,455
0.6674273,0.0003644215647320166,456
0.92260337,3.956348147584978e-10,457
0.6568969,0.05926305719638511,458
0.7826948,0.003413532189124964,459
0.46491927,5.528640386517906e-06,460
0.5630091,0.02583027257844558,461
0.41387174,0.0127496964364723,462
0.08949417,0.00742728781928414,463
0.62767816,6.713909073414721e-05,464
0.6113235,6.6325594655775296e-06,465
0.69762826,0.00281318414543613,466
0.38765427,0.001008234557404378,467
0.39195856,0.0008389818335130869,468
0.88670665,0.0020249647423831144,469
0.61263746,0.21587334861857024,470
0.3661582,0.17940521600428647,471
0.7759579,0.0026986105546416314,472
0.6584853,7.661495193524649e-06,473
0.46102428,2.7625878503494747e-07,474
0.49646494,0.06573730313713397,475
0.526838,0.02527172942482595,476
0.919345,1.4278510514114499e-05,477
0.35104668,1.2623772939478744e-06,478
0.48882186,0.26488630240284716,479
0.47782043,2.2329208100363966e-05,480
0.50928336,4.1342990286299103e-07,481
0.5578261,0.020546439692584358,482
0.4492167,8.003089342191935e-07,483
0.26083684,0.05518294770474907,484
0.6473089,3.675702776197073e-07,485
0.7833913,0.0004110481723775314,486
0.85115933,8.64931264230957e-08,487
0.89314544,0.019996341629586044,488
0.23953345,0.801539069921684,489
0.45028806,0.0012766672165711302,490
0.29455107,0.011165573808347143,491
0.2335211,0.0010918606313698842,492
0.46340194,1.622943442689789e-05,493
0.26647052,8.850482280494425e-05,494
0.47152323,0.08914208586378453,495
0.58709323,5.5420443559972614e-05,496
0.5316881,1.2398519618586283e-06,497
0.324704,0.009199497971724322,498
0.3002977,0.00020531520427853037,499
0.50022644,4.276172269079285e-09,500
0.6456117,0.04449878357376618,501
0.5751984,6.299188477829153e-05,502
0.23372188,0.001043140838275718,503
0.59737575,0.001061201193941136,504
0.87572813,0.00018257077579402387,505
0.7525035,0.0036964175722793754,506
0.2233403,0.009042788873057138,507
0.66630137,2.0740292327821923e-06,508
0.58846647,0.1252705930567921,509
0.16150832,3.119585186043844e-07,510
0.31810927,0.007138220801942984,511
0.6251285,0.030431745162149765,512
0.40135092,2.8814876921337935e-05,513
0.39775008,0.030955093914553342,514
0.7855605,0.05387383597978471,515
0.40568817,0.012714674046705236,516
0.671059,8.878166920457568e-05,517
0.386572,0.537003538018654,518
0.6474024,0.058815915238316176,519
0.7601303,0.06568469777805148,520
0.3406727,7.037468058793417e-07,521
0.3805794,0.0005588661317226468,522
0.22983974,0.016204000564475338,523
0.4974053,0.00016567096357991131,524
0.5258667,0.044937739394762095,525
0.6875588,6.401170201607095e-07,526
0.3037225,0.00691039874908393,527
0.45142096,0.0034434114893050474,528
0.73468256,0.5609485440958656,529
0.7568997,0.0006185207920186892,530
0.4382851,0.951908133603101,531
0.09009537,0.0007631619498583907,532
0.720709,0.0015682783900793675,533
0.19084719,0.027011361171767837,534
0.4029369,2.8472517057758027e-05,535
0.49932328,0.0020748908946137375,536
0.45797318,0.00016736371292174585,537
0.93917394,0.0012309572991354776,538
0.8253349,0.001874814744178988,539
0.56269205,0.35206798935688816,540
0.591291,1.8855898389813214e-05,541
0.6314275,0.0033026966934576654,542
0.7210718,0.0013831818794511914,543
1.7166138e-05,4.665299785727691e-05,544
0.758381,9.903996420621738e-08,545
0.5469752,0.002433398446986722,546
0.15492162,0.0020816057442266814,547
0.11138749,1.2166001258834637e-06,548
0.6655141,3.56133206768996e-09,549
0.5655573,0.0067782548282179465,550
0.025205672,0.0029381916295577897,551
0.7560667,0.24567961993128498,552
0.05690226,0.360016551766612,553
0.56722254,1.213499686511996e-06,554
0.8481315,0.29459394241839415,555
0.5966937,0.0014307480365760687,556
0.5791968,0.05666924176576784,557
0.5422382,0.06315416895059241,558
0.66639376,0.003980357864246074,559
0.6274169,2.877303452345214e-06,560
0.67686987,7.2294393073684e-07,561
0.10750109,0.0007425977733311848,562
0.3842712,0.1340039533437895,563
0.7102127,0.013990919062832506,564
0.6893289,0.004168993613257802,565
0.68368065,5.859325216437392e-05,566
0.3263924,1.7816807596872595e-06,567
0.6095401,2.539370727691559e-05,568
0.56234527,0.07119871607454827,569
0.24287885,0.010781581341657442,570
0.622475,0.017437046380314333,571
0.6252599,2.7171898294073737e-05,572
0.41092113,1.644223798372761e-05,573
0.39680743,6.327119715733711e-08,574
0.38607633,0.0003484908105490831,575
0.13423628,0.0003393385184929816,576
0.71270573,6.220657627484445e-07,577
0.68294364,1.775204426275145e-05,578
0.15698102,0.035499986923432106,579
0.57420975,7.347159350265418e-07,580
0.71485347,0.0017350473424000163,581
0.693458,0.0001573746102762005,582
0.80396855,9.710651024389248e-07,583
0.65805495,9.046759154621208e-05,584
0.81258106,0.058538105797403865,585
0.5205104,0.00023219123769485547,586
0.61062634,6.617927967418517e-08,587
0.59712183,4.932604280501853e-12,588
0.44345152,4.427158439126136e-05,589
0.6729617,0.05278685829902742,590
0.586791,1.1562423510457347e-15,591
0.9213091,0.0005592191671301923,592
0.4986298,7.552189066497963e-06,593
0.42188835,0.03299096799598224,594
0.35681826,9.72735034293314e-05,595
0.36723506,0.0001827921112200437,596
0.178541,4.4295336893345145e-07,597
0.72206753,0.00019704538983392162,598
0.9483135,0.008161631704976727,599
0.5241673,0.0017573652797550027,600
0.56192124,0.0003398631452678815,601
0.22387531,1.0394102033759333e-05,602
0.17601109,0.02178661569619348,603
0.8011537,0.005416376042615792,604
0.76027226,0.002526733362256164,605
0.6723318,0.03994480405354173,606
0.08170426,0.0007003370367340306,607
0.17232153,0.007088544485840409,608
0.27007478,0.005033117643465562,609
0.46199933,2.0514521012666036e-11,610
0.3314252,0.44500220891189035,611
0.3236991,0.00024663045091668216,612
0.72618604,0.00023467984625389693,613
0.7399336,0.2849949339801371,614
0.8067131,0.6303862093894457,615
0.90840125,0.0020314867583125637,616
0.44851294,0.00048657705659938726,617
0.49569583,4.6397551210403526e-11,618
0.7050266,0.000653618822285222,619
0.59243023,0.002325297124493783,620
0.33488107,0.07961773148352569,621
0.41221973,0.0004208596542184255,622
0.18020746,0.0001460405754311066,623
0.44161394,0.05397644804082307,624
0.37790474,0.02466753690521542,625
0.41615433,0.009386245707871064,626
0.29478616,6.738870412444995e-06,627
0.56265366,0.005721177466543105,628
0.5695262,0.00021720852024168045,629
0.45677584,0.005388266902595351,630
0.0838173,5.857757489080144e-06,631
0.12189636,4.3460212307714205e-12,632
0.4172503,0.00014072018179406593,633
0.47040808,4.3043916977112954e-15,634
0.48997456,0.006773922291559973,635
0.6308095,7.695396314135648e-07,636
0.6326568,0.775502516705103,637
0.4269775,0.003981071195309749,638
0.36665952,0.15554064741613002,639
0.76227343,0.0013326558713817503,640
0.843879,8.504220427554914e-05,641
0.3004648,3.277889264704272e-06,642
0.09896824,0.06088688265693604,643
0.7292552,0.08746746412385988,644
0.37861806,0.07794619180021307,645
0.99693036,0.0007575938846785412,646
0.5652833,0.00012664572810979434,647
0.42730573,5.86699690927307e-05,648
0.69568956,1.1938278526778377e-05,649
0.73673815,0.0052395656996141165,650
0.41196805,0.08666380484826568,651
0.3825656,0.13155814586545764,652
0.77608883,0.00456426220014951,653
0.6018644,0.0008014921226922785,654
0.2680725,0.1286372622764422,655
0.8326072,6.748188623347269e-05,656
0.7951367,0.07614603020525121,657
0.7374558,0.01396248333128179,658
0.5278695,1.0347731461263318e-06,659
0.5165047,6.327213950111255e-06,660
0.376007,0.0053912945541354255,661
0.16387776,2.8457054335803813e-06,662
0.8154919,0.048791406641177315,663
0.7181521,7.017934814103853e-05,664
0.545236,1.3946347020776172e-05,665
0.11139983,0.7408986099860688,666
0.4345852,0.007413334837377866,667
0.5358742,0.006304742238019968,668
0.8727795,0.029451696279667615,669
0.38150406,9.402185869257335e-13,670
0.5265563,0.00011960060369390789,671
0.5666905,0.0004694553263404302,672
0.1130293,0.02744745115035334,673
0.7686948,0.05165113410307458,674
0.62151766,0.36784144314141015,675
0.3476273,5.830021413411903e-07,676
0.71306664,0.0014269095196115511,677
0.29752856,0.004685302064168774,678
0.2674507,0.008975271802944036,679
0.74256706,0.04939472821120841,680
0.39321917,0.016464167196529617,681
0.45231986,0.00010567696699588252,682
0.69380635,0.021207015782372995,683
0.31656882,0.03324731801606973,684
0.61089545,7.131013817591836e-05,685
0.24189037,0.006657344674695576,686
0.95710063,0.007845469792011521,687
0.6829644,0.18483123874803822,688
0.2801094,0.0004600303892663731,689
0.6203784,0.24923919642171793,690
0.56050545,2.0964117278139002e-06,691
0.013293773,0.002211896413926438,692
0.23576468,0.004534582176084158,693
0.40863383,0.007165929825421257,694
0.86982036,0.00018916079649235453,695
0.46516785,4.1795871969463345e-05,696
0.50032777,0.024347124203965415,697
0.37078696,0.011264402848328255,698
0.19969922,0.0009617345355407786,699
0.4709575,9.632810432783027e-05,700
0.8338889,0.04478586676170451,701
0.64269716,0.045933728575161516,702
0.2017926,0.0004454880552974854,703
0.5589725,0.00022839585007176553,704
0.36700517,8.247138478542685e-05,705
0.54205847,0.12503578745414262,706
0.58570427,0.0028599909476741264,707
0.5673721,0.19809577235598272,708
0.6420288,0.2580143552522181,709
0.15196744,0.11594048400619292,710
0.39847618,5.365189933455733e-07,711
0.482675,0.024521933642732495,712
0.6551555,0.00013656872976437303,713
0.5755658,0.004216526894438443,714
0.22541568,0.0015969220746642186,715
0.35441202,0.0007922971332611635,716
0.81623256,0.00032883327702663725,717
0.078229755,0.010960041293373688,718
0.30267483,3.3477266637308734e-05,719
0.54932296,0.001327409102490002,720
0.5864494,0.0011079671751593506,721
0.13487181,0.0004525845905426249,722
0.53059834,0.009190554554463791,723
0.73708457,0.041402904454692864,724
0.33209765,7.831671867144527e-06,725
0.37863988,2.1126830186918433e-07,726
0.28942025,0.019795219380317555,727
0.50341403,4.8577691756415725e-08,728
0.2703808,0.0008895027764895975,729
0.37535095,1.242524954383378e-10,730
0.76232255,0.010687397080993798,731
0.50793356,0.1343958617220393,732
0.9500654,0.010683476324181498,733
0.6607097,6.93433551991197e-05,734
0.052463174,0.046304463525952716,735
0.22367316,0.09533307968157817,736
0.696794,0.23512886064455704,737
0.4013533,1.6326317867660199e-07,738
0.48402032,2.0960569104012536e-10,739
0.52530855,0.0012704519549171936,740
0.36209148,0.002046680189851777,741
0.6794468,0.0012167364522810925,742
0.19916478,3.511836280526219e-06,743
0.5377998,0.008260496320547872,744
0.31334698,2.0584225953428555e-07,745
0.8943661,3.411567668749525e-05,746
0.8159185,0.005131261103622962,747
0.49077713,0.001771168565157146,748
0.62308085,0.002485897189024795,749
0.499037,0.0202925337202705,750
0.7794188,0.0001647796809512698,751
0.34786344,1.4896382822029807e-06,752
0.4278891,4.557561903478108e-08,753
0.6410493,0.022427955811430946,754
0.378681,0.02493984912559088,755
0.7701888,4.6000991387582515e-06,756
0.18652976,0.041551017451910824,757
0.5800496,0.11598523860134931,758
0.6769639,8.266134888152636e-06,759
0.6206766,0.04802262476971279,760
0.7439144,6.297223180146621e-05,761
0.74221104,7.848462917514744e-07,762
0.20451,5.544527663094178e-06,763
0.3102404,0.002121090174255153,764
0.097441345,0.0006669474603860916,765
0.48157617,1.9894085034132153e-06,766
0.29893857,0.053395818214568895,767
0.5925919,9.541180031398686e-06,768
0.43590724,0.0010166453309606441,769
0.37520695,0.0901224087868037,770
0.77017474,4.873048199244655e-05,771
0.50302565,0.004256254479295663,772
0.5486879,0.00037556406623951756,773
0.6302018,8.719313487035e-08,774
0.6779139,0.07945609262647443,775
0.37522796,0.0004681845040596117,776
0.37498224,0.0008368933705872779,777
0.7257402,6.776899253149975e-07,778
0.7963078,0.002908305616219709,779
0.5033721,2.8030373746863686e-05,780
0.85170877,1.0434946708767415e-08,781
0.42511582,1.9308744910928782e-07,782
0.41834706,2.255028658528551e-05,783
0.5275749,0.00034203959719324736,784
0.7694096,0.00015167817756101248,785
0.015222669,0.004229076115173996,786
0.6569433,8.193376383774018e-06,787
0.3423981,6.465614322662344e-08,788
0.32226488,0.0029795876773998425,789
0.19110051,0.0001811522130172255,790
0.11113483,4.770158801842608e-05,791
0.561075,1.5010464353944231e-09,792
0.8790298,0.023389108712847766,793
0.21082103,8.397890489777654e-09,794
0.22442058,0.012684476398771316,795
0.50113076,0.0008618955280376118,796
0.68309426,0.015579582501737356,797
0.27463445,0.016262542150956513,798
0.49915007,1.6303920272139695e-05,799
0.8470939,0.027499153629049738,800
0.8175259,3.996612103999163e-09,801
0.58235484,0.013134385509813135,802
0.7221402,8.844628919502147e-05,803
0.73452276,0.0022363687462109228,804
0.6081472,0.0026877123002906783,805
0.6758501,0.0022170018343867478,806
0.89855695,0.0030250164995658945,807
0.078145355,0.001539859384843378,808
0.6939902,0.0006262189525820288,809
0.87547135,0.0780386466829296,810
0.6300198,0.2681446537740291,811
0.26009792,0.10124941786074489,812
0.71232426,0.009682078338039869,813
0.2692948,0.0006141713042514603,814
0.3314063,0.0005028896670099597,815
0.6821053,0.15153311801619662,816
0.7449273,0.37532380731586235,817
0.61467373,0.11673473492779272,818
0.7168209,4.184068355532056e-08,819
0.36320573,0.04285403161870693,820
0.7943555,0.7249164997238144,821
0.9728675,0.009711932397573298,822
0.21775818,0.0006627170061222321,823
0.43592405,0.025051174401848248,824
0.44989422,1.1766286541533178e-07,825
0.75149083,0.00011670934904408233,826
0.19088802,1.051682904837499e-06,827
0.3812945,2.994648260950449e-06,828
0.39617604,2.4111689666205506e-05,829
0.7288696,1.1008292625300385e-05,830
0.543997,9.396869777188002e-13,831
0.44960397,0.29705120129464013,832
0.40289727,0.0008479843015962666,833
0.48858544,0.001979213490958466,834
0.28763366,0.011390840820197113,835
0.716729,0.001906198675156393,836
0.39578998,0.6673609683622159,837
0.6254742,0.00012018416353633287,838
0.92136055,0.05417900134153261,839
0.72092146,2.0862444520004455e-05,840
0.47030756,8.023492254332431e-07,841
0.26220882,4.075878009156452e-10,842
0.40428308,0.0008113203440457356,843
0.23858401,2.708415114608865e-10,844
0.76843935,1.8726832742509974e-06,845
0.53055966,0.02130718506951201,846
0.37170786,0.011136970634527574,847
0.8392143,8.423231264277097e-08,848
0.9255949,0.0017087348603669198,849
0.59170306,5.224639001925139e-08,850
0.5461322,0.016425175027522134,851
0.6816229,0.034675877836714455,852
0.24230465,0.07961198631630034,853
0.21185651,0.001709809949430306,854
0.8916745,5.25208598241068e-05,855
0.49523133,3.4180686201316514e-05,856
0.3351426,2.8499373398205016e-07,857
0.76037717,6.970918987502826e-05,858
0.6378953,0.036767412863029335,859
0.49750662,4.920789720723131e-09,860
0.74009883,1.0428953243343605e-07,861
0.601562,0.015678942377509605,862
0.5665641,0.024221649274469285,863
0.43080872,0.00014236292870128102,864
0.4819383,3.653694664093289e-06,865
0.44768736,9.11400136095956e-08,866
0.49569848,0.003118857789877793,867
0.80090517,0.0011024366582342284,868
0.6313885,5.957594642002257e-05,869
0.35956934,5.089720397242457e-07,870
0.624095,0.00019794453720308253,871
0.5639638,0.3368738974942043,872
0.62352294,3.264074823426154e-08,873
0.36951917,3.4900325176847505e-06,874
0.40184498,4.4239849272750264e-10,875
0.18328941,0.0050791848814615865,876
0.4177124,2.066348802520881e-06,877
0.57443124,0.00050187743272271,878
0.951666,0.007878091235268912,879
0.8522959,0.00872147819523511,880
0.75988793,0.0025206130200007017,881
0.38771862,3.712280930921307e-05,882
0.44642437,0.24988245900260872,883
0.6594265,0.01065994893804652,884
0.8655755,1.5088428388805656e-05,885
0.5396188,0.012538251748880529,886
0.020502329,5.527855243012483e-07,887
0.6255866,0.0027062108286041117,888
0.20532289,1.3939737419929307e-05,889
0.19379264,0.09564621329187287,890
0.19591913,0.0005616949787137752,891
0.6897038,6.334261280571914e-05,892
0.5005728,0.002747873301414417,893
0.73731506,0.0005110126520276637,894
0.18981135,0.0003525747010475527,895
0.20686278,0.1791193376756019,896
0.5825404,0.0013427603731328633,897
0.40917084,0.00037322243095691256,898
0.5566817,0.0007818219285969164,899
0.44991192,0.00023927640542809186,900
0.47572786,0.003707804637128954,901
0.16760397,0.01708671331076155,902
0.5418647,1.0970944738690402e-14,903
0.5500131,0.002314930378100196,904
0.59182537,0.09377469186496223,905
0.19475749,2.9003852991806498e-05,906
0.22345382,0.005134796196134061,907
0.38306037,3.7778579728325244e-05,908
0.19344547,0.0006492585381668715,909
0.8266115,1.0673308706239557e-10,910
0.37847868,0.0632159212771822,911
0.35842896,2.455988716116803e-07,912
0.8900645,8.549983291133634e-10,913
0.59689367,0.000822676973894007,914
0.9601011,0.02856747575852881,915
0.16684699,0.002233315431603702,916
0.24042332,0.08226781015891507,917
0.18996838,0.0016591361730662467,918
0.7266556,0.0001465968950715313,919
0.44535157,0.04480364154697309,920
0.46744224,0.1500095827513312,921
0.5024437,2.226621685846708e-08,922
0.6405163,1.2567856629438364e-06,923
0.46479028,0.00021440073542556778,924
0.31604683,0.0038654379480749946,925
0.55644256,2.0429743509764872e-07,926
0.2029778,1.0977165272249902e-10,927
0.6552494,0.043489392878465885,928
0.9098443,0.03292089197600679,929
0.71691746,0.00043083793145176326,930
0.50539815,2.267680650985839e-09,931
0.27714512,1.7629492845804597e-07,932
0.26160502,1.7273462235297529e-10,933
0.6227608,0.07027120749226975,934
0.36933684,0.007394299594595953,935
0.109405726,0.0009802498026644062,936
0.47430375,0.026376124909449163,937
0.13245305,0.007887043833425146,938
0.54908216,0.025395771347240664,939
0.8270771,0.060250707562038416,940
0.17775586,0.30828457499605405,941
0.57908344,5.245240720882726e-06,942
0.35680154,4.524398511945545e-07,943
0.374017,0.0018606439366187454,944
0.15431112,0.130601106456904,945
0.66787004,0.006024252046875011,946
0.5757808,0.17479013082817316,947
0.47186086,0.0024850552059877437,948
0.40327176,3.841585553256898e-05,949
0.031851828,0.26565960878433076,950
0.67782724,0.050281762526134824,951
0.5470167,5.679344848436245e-05,952
0.92486405,0.5977514926887262,953
0.9070221,0.4248664738084726,954
0.77889985,0.001244966833077823,955
0.67482376,5.156925571265578e-05,956
0.64425224,9.442795853242348e-06,957
0.50484693,0.09343347355864028,958
0.69374585,0.013168945748131803,959
0.5413247,6.75237024182565e-14,960
0.38921958,4.0456289103417564e-05,961
0.2675882,0.025637122985317024,962
0.31149977,0.07868980889748133,963
0.5106125,0.050476500356149416,964
0.9010791,0.00022321471001531546,965
0.42473814,0.14356460141903418,966
0.69157887,2.528015913093216e-10,967
0.3059991,2.901624426510062e-10,968
0.1724118,0.03459718982571289,969
0.49307206,2.029886347234849e-07,970
0.05090627,0.1403364709582095,971
0.30556697,6.621298160856668e-09,972
0.35776472,0.00014233206939074077,973
0.6298502,0.028083813518997355,974
0.040914714,2.642145213923219e-05,975
0.7554611,2.1071821682228936e-09,976
0.7823918,0.007746223875305612,977
0.073013335,3.0580502226268858e-06,978
0.33718386,0.01445361474526789,979
0.74908364,0.2168598990133082,980
0.95277584,7.575278242002363e-05,981
0.927835,0.0005839398960551626,982
0.69119656,9.260446675750783e-05,983
0.43055752,0.2571060642454084,984
0.46018413,8.829967716943802e-09,985
0.32493922,0.019779139410992942,986
0.5285615,0.0070563201413332095,987
0.7321546,0.18597108830745568,988
0.65176404,1.5606910229370822e-05,989
0.798401,0.03759645001000112,990
0.55575794,0.0009188165052786629,991
0.57500035,1.5153841778420298e-05,992
0.5588052,0.01911660507871135,993
0.27896124,0.0003417385750531608,994
0.33539522,7.231214547192126e-09,995
0.2827135,0.0005582817040788723,996
0.50691605,0.0013619855965882727,997
0.99934584,0.027216801394670892,998
0.304982,4.65334213987898e-06,999
